#Sección,Sección_2,Dirección General,Dirección General_2,Capítulo,Capítulo_2,Artículo,Artículo_2,Concepto,Descr Concepto,Subconcepto,Descr Subconcepto,Derechos Reconocidos
04,CONSEJO CONSULTIVO,0401,CONSEJO CONSULTIVO,5,INGRESOS PATRIMONIALES,52,INTERESES DE DEPÓSITOS,520,Intereses cuentas bancar,52000,Intereses cuentas bancar,0.74
04,CONSEJO CONSULTIVO,0401,CONSEJO CONSULTIVO,8,ACTIVOS FINANCIEROS,82,REINTEGRO DE PRÉSTAMOS,821,A largo plazo,82100,A personal funcionario,3457.09
04,CONSEJO CONSULTIVO,0401,CONSEJO CONSULTIVO,8,ACTIVOS FINANCIEROS,82,REINTEGRO DE PRÉSTAMOS,821,A largo plazo,82101,A personal laboral,416.7
06,DEUDA PÚBLICA,0601,DEUDA PÚBLICA,3,"TASAS, PP.PP. Y OTROS ING",38,REINTEGROS OPERACIONES C.,380,De ejercicios cerrados,38000,De ejercicios cerrados,40.25
06,DEUDA PÚBLICA,0601,DEUDA PÚBLICA,3,"TASAS, PP.PP. Y OTROS ING",39,OTROS INGRESOS,399,Ingresos diversos,39900,Ingresos diversos,6956543.45
06,DEUDA PÚBLICA,0601,DEUDA PÚBLICA,9,PASIVOS FINANCIEROS,91,PRÉSTAMOS MONEDA NACIONAL,911,Préstamos recibidos a l/p,91101,Prés rec a l/p  dentro sp,1878043302.04
11,PRESIDENCIA DE LA JUNTA DE COMUNIDADES D,1104,SECRETARÍA GENERAL DE PRESIDENCIA,3,"TASAS, PP.PP. Y OTROS ING",31,PRESTACIÓN DE SERVICIOS,311,Derechos matrícula c y s,31100,Derechos matrícula c y s,2.0
11,PRESIDENCIA DE LA JUNTA DE COMUNIDADES D,1104,SECRETARÍA GENERAL DE PRESIDENCIA,3,"TASAS, PP.PP. Y OTROS ING",32,TASAS,322,Tasas direc e insp obras,32200,Dirección e inspec. obras,7173.99
11,PRESIDENCIA DE LA JUNTA DE COMUNIDADES D,1104,SECRETARÍA GENERAL DE PRESIDENCIA,3,"TASAS, PP.PP. Y OTROS ING",32,TASAS,329,Otras tasas,32900,Otras tasas,6238.19
11,PRESIDENCIA DE LA JUNTA DE COMUNIDADES D,1104,SECRETARÍA GENERAL DE PRESIDENCIA,3,"TASAS, PP.PP. Y OTROS ING",38,REINTEGROS OPERACIONES C.,380,De ejercicios cerrados,38000,De ejercicios cerrados,3109.17
11,PRESIDENCIA DE LA JUNTA DE COMUNIDADES D,1104,SECRETARÍA GENERAL DE PRESIDENCIA,3,"TASAS, PP.PP. Y OTROS ING",38,REINTEGROS OPERACIONES C.,381,De presupuesto corriente,38100,De presupuesto corriente,11233.92
11,PRESIDENCIA DE LA JUNTA DE COMUNIDADES D,1104,SECRETARÍA GENERAL DE PRESIDENCIA,3,"TASAS, PP.PP. Y OTROS ING",39,OTROS INGRESOS,390,Recargos y multas,39000,Recargo de apremio,3334.44
11,PRESIDENCIA DE LA JUNTA DE COMUNIDADES D,1104,SECRETARÍA GENERAL DE PRESIDENCIA,3,"TASAS, PP.PP. Y OTROS ING",39,OTROS INGRESOS,390,Recargos y multas,39001,Intereses de demora,1106.38
11,PRESIDENCIA DE LA JUNTA DE COMUNIDADES D,1104,SECRETARÍA GENERAL DE PRESIDENCIA,3,"TASAS, PP.PP. Y OTROS ING",39,OTROS INGRESOS,390,Recargos y multas,39002,Multas y sanciones,706317.55
11,PRESIDENCIA DE LA JUNTA DE COMUNIDADES D,1104,SECRETARÍA GENERAL DE PRESIDENCIA,3,"TASAS, PP.PP. Y OTROS ING",39,OTROS INGRESOS,399,Ingresos diversos,39900,Ingresos diversos,231533.34
11,PRESIDENCIA DE LA JUNTA DE COMUNIDADES D,1104,SECRETARÍA GENERAL DE PRESIDENCIA,4,TRANSFERENCIAS CORRIENTES,49,DEL EXTERIOR,499,Otras transferencias,49900,Otras transferencias,25000.0
11,PRESIDENCIA DE LA JUNTA DE COMUNIDADES D,1104,SECRETARÍA GENERAL DE PRESIDENCIA,5,INGRESOS PATRIMONIALES,52,INTERESES DE DEPÓSITOS,520,Intereses cuentas bancar,52000,Intereses cuentas bancar,24.99
11,PRESIDENCIA DE LA JUNTA DE COMUNIDADES D,1104,SECRETARÍA GENERAL DE PRESIDENCIA,5,INGRESOS PATRIMONIALES,55,"PRODUCTOS, CONCESIONES",550,Concesiones administrativ,55000,Concesiones administrativ,7.39
11,PRESIDENCIA DE LA JUNTA DE COMUNIDADES D,1104,SECRETARÍA GENERAL DE PRESIDENCIA,8,ACTIVOS FINANCIEROS,82,REINTEGRO DE PRÉSTAMOS,820,A corto plazo,82000,A personal funcionario,6750.0
11,PRESIDENCIA DE LA JUNTA DE COMUNIDADES D,1104,SECRETARÍA GENERAL DE PRESIDENCIA,8,ACTIVOS FINANCIEROS,82,REINTEGRO DE PRÉSTAMOS,820,A corto plazo,82001,A personal laboral,9870.0
11,PRESIDENCIA DE LA JUNTA DE COMUNIDADES D,1104,SECRETARÍA GENERAL DE PRESIDENCIA,8,ACTIVOS FINANCIEROS,82,REINTEGRO DE PRÉSTAMOS,821,A largo plazo,82100,A personal funcionario,5785.68
11,PRESIDENCIA DE LA JUNTA DE COMUNIDADES D,1104,SECRETARÍA GENERAL DE PRESIDENCIA,8,ACTIVOS FINANCIEROS,82,REINTEGRO DE PRÉSTAMOS,821,A largo plazo,82101,A personal laboral,25697.45
15,HACIENDA Y ADMINISTRACIONES PÚBLICAS,1502,SECRETARÍA GENERAL,1,IMPUESTOS DIRECTOS,10,SOBRE LA RENTA,100,Impuesto sobre la Renta,10000,Tramo autonómico del IRPF,1074155280.0
15,HACIENDA Y ADMINISTRACIONES PÚBLICAS,1502,SECRETARÍA GENERAL,1,IMPUESTOS DIRECTOS,10,SOBRE LA RENTA,100,Impuesto sobre la Renta,10001,IRPF. Liquidación de ejercicios anterior,-26580657.2
15,HACIENDA Y ADMINISTRACIONES PÚBLICAS,1502,SECRETARÍA GENERAL,1,IMPUESTOS DIRECTOS,11,SOBRE EL CAPITAL,110,Impuesto sobre sucesiones,11001,Impuesto sobre sucesiones,61438216.31
15,HACIENDA Y ADMINISTRACIONES PÚBLICAS,1502,SECRETARÍA GENERAL,1,IMPUESTOS DIRECTOS,11,SOBRE EL CAPITAL,110,Impuesto sobre sucesiones,11002,Impuesto sobre donaciones,9198252.68
15,HACIENDA Y ADMINISTRACIONES PÚBLICAS,1502,SECRETARÍA GENERAL,1,IMPUESTOS DIRECTOS,11,SOBRE EL CAPITAL,111,Impuesto sobre patrimonio,11100,Impuesto sobre patrimonio,15513967.92
15,HACIENDA Y ADMINISTRACIONES PÚBLICAS,1502,SECRETARÍA GENERAL,1,IMPUESTOS DIRECTOS,11,SOBRE EL CAPITAL,113,Impues sobre Depósitos en las Entidades,11300,Impues sobre Depósitos en las Entidades,11387173.61
15,HACIENDA Y ADMINISTRACIONES PÚBLICAS,1502,SECRETARÍA GENERAL,2,IMPUESTOS INDIRECTOS,20,T. PATRIMONIALES Y A.J.D.,200,Transmisiones intervivos,20001,Transm patrimoniales oner,175354980.72
15,HACIENDA Y ADMINISTRACIONES PÚBLICAS,1502,SECRETARÍA GENERAL,2,IMPUESTOS INDIRECTOS,20,T. PATRIMONIALES Y A.J.D.,200,Transmisiones intervivos,20002,Operaciones societarias,785836.19
15,HACIENDA Y ADMINISTRACIONES PÚBLICAS,1502,SECRETARÍA GENERAL,2,IMPUESTOS INDIRECTOS,20,T. PATRIMONIALES Y A.J.D.,201,Actos jurídicos document,20100,Actos jurídicos document,77159327.09
15,HACIENDA Y ADMINISTRACIONES PÚBLICAS,1502,SECRETARÍA GENERAL,2,IMPUESTOS INDIRECTOS,21,SOBRE EL JUEGO - EXTING,211,Impuesto sobre las actividades del juego,21100,Impuesto sobre las actividades del juego,6213961.02
15,HACIENDA Y ADMINISTRACIONES PÚBLICAS,1502,SECRETARÍA GENERAL,2,IMPUESTOS INDIRECTOS,22,SOBRE CONSUMOS ESPECÍFICO,220,Impuestos especiales,22000,Sobre medios transporte,9086542.89
15,HACIENDA Y ADMINISTRACIONES PÚBLICAS,1502,SECRETARÍA GENERAL,2,IMPUESTOS INDIRECTOS,22,SOBRE CONSUMOS ESPECÍFICO,220,Impuestos especiales,22001,Imp espe sobre la cerveza,7692160.0
15,HACIENDA Y ADMINISTRACIONES PÚBLICAS,1502,SECRETARÍA GENERAL,2,IMPUESTOS INDIRECTOS,22,SOBRE CONSUMOS ESPECÍFICO,220,Impuestos especiales,22003,Imp espec prod intermedio,429980.0
15,HACIENDA Y ADMINISTRACIONES PÚBLICAS,1502,SECRETARÍA GENERAL,2,IMPUESTOS INDIRECTOS,22,SOBRE CONSUMOS ESPECÍFICO,220,Impuestos especiales,22004,Imp esp s/alcohol y bebid,18805200.0
15,HACIENDA Y ADMINISTRACIONES PÚBLICAS,1502,SECRETARÍA GENERAL,2,IMPUESTOS INDIRECTOS,22,SOBRE CONSUMOS ESPECÍFICO,220,Impuestos especiales,22005,Imp espe s/ hidrocarburos,405480230.0
15,HACIENDA Y ADMINISTRACIONES PÚBLICAS,1502,SECRETARÍA GENERAL,2,IMPUESTOS INDIRECTOS,22,SOBRE CONSUMOS ESPECÍFICO,220,Impuestos especiales,22006,Imp. espec labores tabaco,195056530.0
15,HACIENDA Y ADMINISTRACIONES PÚBLICAS,1502,SECRETARÍA GENERAL,2,IMPUESTOS INDIRECTOS,22,SOBRE CONSUMOS ESPECÍFICO,220,Impuestos especiales,22007,Imp espec s/ electricidad,71196320.0
15,HACIENDA Y ADMINISTRACIONES PÚBLICAS,1502,SECRETARÍA GENERAL,2,IMPUESTOS INDIRECTOS,22,SOBRE CONSUMOS ESPECÍFICO,220,Impuestos especiales,22009,Tipo autonómico del impuesto especial so,73988614.8
15,HACIENDA Y ADMINISTRACIONES PÚBLICAS,1502,SECRETARÍA GENERAL,2,IMPUESTOS INDIRECTOS,22,SOBRE CONSUMOS ESPECÍFICO,220,Impuestos especiales,22011,Imp esp sobre la cerveza. Liq ejercicios,1417287.47
15,HACIENDA Y ADMINISTRACIONES PÚBLICAS,1502,SECRETARÍA GENERAL,2,IMPUESTOS INDIRECTOS,22,SOBRE CONSUMOS ESPECÍFICO,220,Impuestos especiales,22013,Imp especial sobre productos interm. Liq,63998.74
15,HACIENDA Y ADMINISTRACIONES PÚBLICAS,1502,SECRETARÍA GENERAL,2,IMPUESTOS INDIRECTOS,22,SOBRE CONSUMOS ESPECÍFICO,220,Impuestos especiales,22014,Imp esp s alcohol y beb deri. Liq ejerc,2600862.0
15,HACIENDA Y ADMINISTRACIONES PÚBLICAS,1502,SECRETARÍA GENERAL,2,IMPUESTOS INDIRECTOS,22,SOBRE CONSUMOS ESPECÍFICO,220,Impuestos especiales,22015,Imp. esp sobre hidrocarburos. Liq ejer a,2175724.7
15,HACIENDA Y ADMINISTRACIONES PÚBLICAS,1502,SECRETARÍA GENERAL,2,IMPUESTOS INDIRECTOS,22,SOBRE CONSUMOS ESPECÍFICO,220,Impuestos especiales,22016,Imp especial s las labores del tabaco. L,-17840021.02
15,HACIENDA Y ADMINISTRACIONES PÚBLICAS,1502,SECRETARÍA GENERAL,2,IMPUESTOS INDIRECTOS,22,SOBRE CONSUMOS ESPECÍFICO,220,Impuestos especiales,22017,Imp esp sobre la electricidad. Liq de ej,-12878860.06
15,HACIENDA Y ADMINISTRACIONES PÚBLICAS,1502,SECRETARÍA GENERAL,2,IMPUESTOS INDIRECTOS,23,SOBRE EL VALOR AÑADIDO,230,Sobre el valor añadido,23000,sobre el valor añadido,1393239000.0
15,HACIENDA Y ADMINISTRACIONES PÚBLICAS,1502,SECRETARÍA GENERAL,2,IMPUESTOS INDIRECTOS,23,SOBRE EL VALOR AÑADIDO,230,Sobre el valor añadido,23001,IVA. Liquidación de ejercicios anteriore,-2966637.3
15,HACIENDA Y ADMINISTRACIONES PÚBLICAS,1502,SECRETARÍA GENERAL,2,IMPUESTOS INDIRECTOS,24,IMPUESTOS MEDIOAMBIENTAL,240,I.actividades inciden M.A,24000,I.actividades inciden M.A,613145.31
15,HACIENDA Y ADMINISTRACIONES PÚBLICAS,1502,SECRETARÍA GENERAL,2,IMPUESTOS INDIRECTOS,28,OTROS IMPUESTOS INDIRECTO,280,S/determinados hidrocarb,28000,Im.s/det.hidroc.T/estatal,48353.08
15,HACIENDA Y ADMINISTRACIONES PÚBLICAS,1502,SECRETARÍA GENERAL,2,IMPUESTOS INDIRECTOS,28,OTROS IMPUESTOS INDIRECTO,280,S/determinados hidrocarb,28001,Im.s/det.hidroc.T/autonom,48353.04
15,HACIENDA Y ADMINISTRACIONES PÚBLICAS,1502,SECRETARÍA GENERAL,3,"TASAS, PP.PP. Y OTROS ING",30,VENTA DE BIENES,302,Venta impresos autoliquid,30200,Venta impresos autoliquid,2122.8
15,HACIENDA Y ADMINISTRACIONES PÚBLICAS,1502,SECRETARÍA GENERAL,3,"TASAS, PP.PP. Y OTROS ING",30,VENTA DE BIENES,309,Venta de otros bienes,30900,Venta de otros bienes,0.12
15,HACIENDA Y ADMINISTRACIONES PÚBLICAS,1502,SECRETARÍA GENERAL,3,"TASAS, PP.PP. Y OTROS ING",31,PRESTACIÓN DE SERVICIOS,310,Tarifas de publicidad,31000,Tarifas de publicidad,-10502.07
15,HACIENDA Y ADMINISTRACIONES PÚBLICAS,1502,SECRETARÍA GENERAL,3,"TASAS, PP.PP. Y OTROS ING",31,PRESTACIÓN DE SERVICIOS,311,Derechos matrícula c y s,31100,Derechos matrícula c y s,766.82
15,HACIENDA Y ADMINISTRACIONES PÚBLICAS,1502,SECRETARÍA GENERAL,3,"TASAS, PP.PP. Y OTROS ING",31,PRESTACIÓN DE SERVICIOS,313,"Entradas museos, exposic",31300,Entradas a museos,50.0
15,HACIENDA Y ADMINISTRACIONES PÚBLICAS,1502,SECRETARÍA GENERAL,3,"TASAS, PP.PP. Y OTROS ING",31,PRESTACIÓN DE SERVICIOS,319,Otros ingresos prest serv,31900,Otros ingresos prest serv,213.09
15,HACIENDA Y ADMINISTRACIONES PÚBLICAS,1502,SECRETARÍA GENERAL,3,"TASAS, PP.PP. Y OTROS ING",32,TASAS,320,Tasas sobre el juego,32000,Tasa estatal juego: bingo,2604643.69
15,HACIENDA Y ADMINISTRACIONES PÚBLICAS,1502,SECRETARÍA GENERAL,3,"TASAS, PP.PP. Y OTROS ING",32,TASAS,320,Tasas sobre el juego,32001,Tasa estatal juego: máqu,35463672.98
15,HACIENDA Y ADMINISTRACIONES PÚBLICAS,1502,SECRETARÍA GENERAL,3,"TASAS, PP.PP. Y OTROS ING",32,TASAS,320,Tasas sobre el juego,32002,Tasa estatal juego: casin,208971.55
15,HACIENDA Y ADMINISTRACIONES PÚBLICAS,1502,SECRETARÍA GENERAL,3,"TASAS, PP.PP. Y OTROS ING",32,TASAS,321,"Tasa est rifas, tómbolas",32100,"Tasa est rifas, tómbolas",1118746.96
15,HACIENDA Y ADMINISTRACIONES PÚBLICAS,1502,SECRETARÍA GENERAL,3,"TASAS, PP.PP. Y OTROS ING",32,TASAS,322,Tasas direc e insp obras,32200,Dirección e inspec. obras,1.05
15,HACIENDA Y ADMINISTRACIONES PÚBLICAS,1502,SECRETARÍA GENERAL,3,"TASAS, PP.PP. Y OTROS ING",32,TASAS,323,Tasas materia agricultura,32300,Tasas materia agricultura,8.84
15,HACIENDA Y ADMINISTRACIONES PÚBLICAS,1502,SECRETARÍA GENERAL,3,"TASAS, PP.PP. Y OTROS ING",32,TASAS,323,Tasas materia agricultura,32301,Tasas materia medioambien,174.46
15,HACIENDA Y ADMINISTRACIONES PÚBLICAS,1502,SECRETARÍA GENERAL,3,"TASAS, PP.PP. Y OTROS ING",32,TASAS,326,Tasas en materia sanidad,32600,Tasas en materia sanidad,-5963.49
15,HACIENDA Y ADMINISTRACIONES PÚBLICAS,1502,SECRETARÍA GENERAL,3,"TASAS, PP.PP. Y OTROS ING",32,TASAS,329,Otras tasas,32900,Otras tasas,1182308.5
15,HACIENDA Y ADMINISTRACIONES PÚBLICAS,1502,SECRETARÍA GENERAL,3,"TASAS, PP.PP. Y OTROS ING",38,REINTEGROS OPERACIONES C.,380,De ejercicios cerrados,38000,De ejercicios cerrados,154642.35
15,HACIENDA Y ADMINISTRACIONES PÚBLICAS,1502,SECRETARÍA GENERAL,3,"TASAS, PP.PP. Y OTROS ING",38,REINTEGROS OPERACIONES C.,381,De presupuesto corriente,38100,De presupuesto corriente,74871.62
15,HACIENDA Y ADMINISTRACIONES PÚBLICAS,1502,SECRETARÍA GENERAL,3,"TASAS, PP.PP. Y OTROS ING",39,OTROS INGRESOS,390,Recargos y multas,39000,Recargo de apremio,973519.62
15,HACIENDA Y ADMINISTRACIONES PÚBLICAS,1502,SECRETARÍA GENERAL,3,"TASAS, PP.PP. Y OTROS ING",39,OTROS INGRESOS,390,Recargos y multas,39001,Intereses de demora,390437.65
15,HACIENDA Y ADMINISTRACIONES PÚBLICAS,1502,SECRETARÍA GENERAL,3,"TASAS, PP.PP. Y OTROS ING",39,OTROS INGRESOS,390,Recargos y multas,39002,Multas y sanciones,1798211.27
15,HACIENDA Y ADMINISTRACIONES PÚBLICAS,1502,SECRETARÍA GENERAL,3,"TASAS, PP.PP. Y OTROS ING",39,OTROS INGRESOS,390,Recargos y multas,39009,Otros,-16011.56
15,HACIENDA Y ADMINISTRACIONES PÚBLICAS,1502,SECRETARÍA GENERAL,3,"TASAS, PP.PP. Y OTROS ING",39,OTROS INGRESOS,399,Ingresos diversos,39900,Ingresos diversos,845973.7
15,HACIENDA Y ADMINISTRACIONES PÚBLICAS,1502,SECRETARÍA GENERAL,4,TRANSFERENCIAS CORRIENTES,43,"DE LA A.E., OO.AA., EE.PP",430,Fondo de suficiencia,43000,Fondo de suficiencia,80887170.0
15,HACIENDA Y ADMINISTRACIONES PÚBLICAS,1502,SECRETARÍA GENERAL,4,TRANSFERENCIAS CORRIENTES,43,"DE LA A.E., OO.AA., EE.PP",430,Fondo de suficiencia,43002,Fondo de garantía servicios públicos fun,1040102171.2
15,HACIENDA Y ADMINISTRACIONES PÚBLICAS,1502,SECRETARÍA GENERAL,4,TRANSFERENCIAS CORRIENTES,43,"DE LA A.E., OO.AA., EE.PP",430,Fondo de suficiencia,43010,Fondos de Sufic global. Liquidaci ejer a,-158810436.09
15,HACIENDA Y ADMINISTRACIONES PÚBLICAS,1502,SECRETARÍA GENERAL,4,TRANSFERENCIAS CORRIENTES,43,"DE LA A.E., OO.AA., EE.PP",430,Fondo de suficiencia,43012,Fondo garantía de Ser Pbc Funda. Liq eje,78121860.67
15,HACIENDA Y ADMINISTRACIONES PÚBLICAS,1502,SECRETARÍA GENERAL,4,TRANSFERENCIAS CORRIENTES,43,"DE LA A.E., OO.AA., EE.PP",430,Fondo de suficiencia,43014,Fondo de Cooperación. Liquidación ejer a,164392611.45
15,HACIENDA Y ADMINISTRACIONES PÚBLICAS,1502,SECRETARÍA GENERAL,4,TRANSFERENCIAS CORRIENTES,43,"DE LA A.E., OO.AA., EE.PP",434,De OO.AA. estatales,43400,De OO.AA. estatales,1736290.0
15,HACIENDA Y ADMINISTRACIONES PÚBLICAS,1502,SECRETARÍA GENERAL,5,INGRESOS PATRIMONIALES,52,INTERESES DE DEPÓSITOS,520,Intereses cuentas bancar,52000,Intereses cuentas bancar,17989.35
15,HACIENDA Y ADMINISTRACIONES PÚBLICAS,1502,SECRETARÍA GENERAL,5,INGRESOS PATRIMONIALES,54,RENTA DE BIENES INMUEBLES,540,Alquileres y p. inmuebles,54000,Alquileres y prod inmuebl,41307.96
15,HACIENDA Y ADMINISTRACIONES PÚBLICAS,1502,SECRETARÍA GENERAL,5,INGRESOS PATRIMONIALES,55,"PRODUCTOS, CONCESIONES",550,Concesiones administrativ,55000,Concesiones administrativ,42.37
15,HACIENDA Y ADMINISTRACIONES PÚBLICAS,1502,SECRETARÍA GENERAL,6,ENAJENACIÓN INVERSIONES R,60,DE TERRENOS,603,Venta terrenos no urbanos,60300,Venta terrenos no urbanos,157153.19
15,HACIENDA Y ADMINISTRACIONES PÚBLICAS,1502,SECRETARÍA GENERAL,6,ENAJENACIÓN INVERSIONES R,61,DE LAS DEMÁS INVERSIONES,615,Venta elementos transport,61500,Venta elementos transport,12880.93
15,HACIENDA Y ADMINISTRACIONES PÚBLICAS,1502,SECRETARÍA GENERAL,6,ENAJENACIÓN INVERSIONES R,68,REINTEGROS O. DE CAPITAL,680,De ejercicios cerrados,68000,De transferencias capital,19.61
15,HACIENDA Y ADMINISTRACIONES PÚBLICAS,1502,SECRETARÍA GENERAL,7,TRANSFERENCIAS DE CAPITAL,79,DEL EXTERIOR,790,FEDER,79000,FEDER,15364719.48
15,HACIENDA Y ADMINISTRACIONES PÚBLICAS,1502,SECRETARÍA GENERAL,8,ACTIVOS FINANCIEROS,82,REINTEGRO DE PRÉSTAMOS,820,A corto plazo,82000,A personal funcionario,45700.64
15,HACIENDA Y ADMINISTRACIONES PÚBLICAS,1502,SECRETARÍA GENERAL,8,ACTIVOS FINANCIEROS,82,REINTEGRO DE PRÉSTAMOS,820,A corto plazo,82001,A personal laboral,9039.15
15,HACIENDA Y ADMINISTRACIONES PÚBLICAS,1502,SECRETARÍA GENERAL,8,ACTIVOS FINANCIEROS,82,REINTEGRO DE PRÉSTAMOS,821,A largo plazo,82100,A personal funcionario,94693.03
15,HACIENDA Y ADMINISTRACIONES PÚBLICAS,1502,SECRETARÍA GENERAL,8,ACTIVOS FINANCIEROS,82,REINTEGRO DE PRÉSTAMOS,821,A largo plazo,82101,A personal laboral,26670.63
17,FOMENTO,1702,SECRETARÍA GENERAL,3,"TASAS, PP.PP. Y OTROS ING",31,PRESTACIÓN DE SERVICIOS,319,Otros ingresos prest serv,31900,Otros ingresos prest serv,2577.56
17,FOMENTO,1702,SECRETARÍA GENERAL,3,"TASAS, PP.PP. Y OTROS ING",32,TASAS,322,Tasas direc e insp obras,32200,Dirección e inspec. obras,1202774.0
17,FOMENTO,1702,SECRETARÍA GENERAL,3,"TASAS, PP.PP. Y OTROS ING",32,TASAS,324,"Tasas industria, energía",32400,Tasas industria y energía,-4164.62
17,FOMENTO,1702,SECRETARÍA GENERAL,3,"TASAS, PP.PP. Y OTROS ING",32,TASAS,325,"Tasa oo.pp.,trans,urb,viv",32500,Tasas oo.pp. y transporte,2323688.38
17,FOMENTO,1702,SECRETARÍA GENERAL,3,"TASAS, PP.PP. Y OTROS ING",32,TASAS,325,"Tasa oo.pp.,trans,urb,viv",32501,Tasas vivienda y urbanism,51737.74
17,FOMENTO,1702,SECRETARÍA GENERAL,3,"TASAS, PP.PP. Y OTROS ING",32,TASAS,329,Otras tasas,32900,Otras tasas,62771.16
17,FOMENTO,1702,SECRETARÍA GENERAL,3,"TASAS, PP.PP. Y OTROS ING",38,REINTEGROS OPERACIONES C.,380,De ejercicios cerrados,38000,De ejercicios cerrados,9847.3
17,FOMENTO,1702,SECRETARÍA GENERAL,3,"TASAS, PP.PP. Y OTROS ING",38,REINTEGROS OPERACIONES C.,381,De presupuesto corriente,38100,De presupuesto corriente,34048.21
17,FOMENTO,1702,SECRETARÍA GENERAL,3,"TASAS, PP.PP. Y OTROS ING",39,OTROS INGRESOS,390,Recargos y multas,39000,Recargo de apremio,320077.93
17,FOMENTO,1702,SECRETARÍA GENERAL,3,"TASAS, PP.PP. Y OTROS ING",39,OTROS INGRESOS,390,Recargos y multas,39001,Intereses de demora,38420.09
17,FOMENTO,1702,SECRETARÍA GENERAL,3,"TASAS, PP.PP. Y OTROS ING",39,OTROS INGRESOS,390,Recargos y multas,39002,Multas y sanciones,7515014.04
17,FOMENTO,1702,SECRETARÍA GENERAL,3,"TASAS, PP.PP. Y OTROS ING",39,OTROS INGRESOS,399,Ingresos diversos,39900,Ingresos diversos,325410.35
17,FOMENTO,1702,SECRETARÍA GENERAL,4,TRANSFERENCIAS CORRIENTES,43,"DE LA A.E., OO.AA., EE.PP",432,De diversos Ministerios,43200,De diversos Ministerios,5818606.81
17,FOMENTO,1702,SECRETARÍA GENERAL,4,TRANSFERENCIAS CORRIENTES,46,DE CORPORACIONES LOCALES,460,De ayuntamientos,46000,De ayuntamientos,483161.93
17,FOMENTO,1702,SECRETARÍA GENERAL,5,INGRESOS PATRIMONIALES,51,INTERESES DE ANTICIPOS,511,Intereses largo plazo,51100,Intereses largo plazo,1490.06
17,FOMENTO,1702,SECRETARÍA GENERAL,5,INGRESOS PATRIMONIALES,52,INTERESES DE DEPÓSITOS,520,Intereses cuentas bancar,52000,Intereses cuentas bancar,1229.08
17,FOMENTO,1702,SECRETARÍA GENERAL,5,INGRESOS PATRIMONIALES,54,RENTA DE BIENES INMUEBLES,540,Alquileres y p. inmuebles,54000,Alquileres y prod inmuebl,4637139.97
17,FOMENTO,1702,SECRETARÍA GENERAL,5,INGRESOS PATRIMONIALES,54,RENTA DE BIENES INMUEBLES,549,Otras rentas,54900,Otras rentas,6110.43
17,FOMENTO,1702,SECRETARÍA GENERAL,5,INGRESOS PATRIMONIALES,59,OTROS INGRESOS PATRIMON.,590,Otros ingresos patrimon,59000,Otros ingresos patrimon,13500.0
17,FOMENTO,1702,SECRETARÍA GENERAL,6,ENAJENACIÓN INVERSIONES R,60,DE TERRENOS,600,Venta solares nat urbana,60000,Venta solares nat urbana,114898.95
17,FOMENTO,1702,SECRETARÍA GENERAL,6,ENAJENACIÓN INVERSIONES R,61,DE LAS DEMÁS INVERSIONES,610,Venta de viviendas,61000,Venta de viviendas,3183721.65
17,FOMENTO,1702,SECRETARÍA GENERAL,6,ENAJENACIÓN INVERSIONES R,61,DE LAS DEMÁS INVERSIONES,611,Venta garajes y locales,61100,Venta garajes y locales,11489.52
17,FOMENTO,1702,SECRETARÍA GENERAL,6,ENAJENACIÓN INVERSIONES R,68,REINTEGROS O. DE CAPITAL,680,De ejercicios cerrados,68000,De transferencias capital,39979.11
17,FOMENTO,1702,SECRETARÍA GENERAL,6,ENAJENACIÓN INVERSIONES R,68,REINTEGROS O. DE CAPITAL,680,De ejercicios cerrados,68001,De inversiones reales,43962.0
17,FOMENTO,1702,SECRETARÍA GENERAL,7,TRANSFERENCIAS DE CAPITAL,72,DE EE.PP. Y OTROS EE.PP.,723,De Fundaciones Públicas Regionales,72300,De Fundaciones Públicas Regionales,148400.14
17,FOMENTO,1702,SECRETARÍA GENERAL,7,TRANSFERENCIAS DE CAPITAL,73,"DE A.E., OO.AA., EE.PP.",730,FCI,73000,FCI,22713430.0
17,FOMENTO,1702,SECRETARÍA GENERAL,7,TRANSFERENCIAS DE CAPITAL,73,"DE A.E., OO.AA., EE.PP.",732,De diversos Ministerios,73200,De diversos Ministerios,8546142.15
17,FOMENTO,1702,SECRETARÍA GENERAL,8,ACTIVOS FINANCIEROS,82,REINTEGRO DE PRÉSTAMOS,820,A corto plazo,82000,A personal funcionario,24549.24
17,FOMENTO,1702,SECRETARÍA GENERAL,8,ACTIVOS FINANCIEROS,82,REINTEGRO DE PRÉSTAMOS,820,A corto plazo,82001,A personal laboral,2750.0
17,FOMENTO,1702,SECRETARÍA GENERAL,8,ACTIVOS FINANCIEROS,82,REINTEGRO DE PRÉSTAMOS,821,A largo plazo,82100,A personal funcionario,28626.74
17,FOMENTO,1702,SECRETARÍA GENERAL,8,ACTIVOS FINANCIEROS,82,REINTEGRO DE PRÉSTAMOS,821,A largo plazo,82101,A personal laboral,42248.76
17,FOMENTO,1702,SECRETARÍA GENERAL,8,ACTIVOS FINANCIEROS,82,REINTEGRO DE PRÉSTAMOS,821,A largo plazo,82104,A CC.LL. y otros ent terr,29799.39
17,FOMENTO,1702,SECRETARÍA GENERAL,8,ACTIVOS FINANCIEROS,82,REINTEGRO DE PRÉSTAMOS,821,A largo plazo,82106,A ayuntamientos. Pol ind,7332.63
17,FOMENTO,1702,SECRETARÍA GENERAL,9,PASIVOS FINANCIEROS,93,DEPÓSITOS Y FIANZAS R.,931,Fianzas recibidas,93100,Fianzas recibidas,-2062.5
18,"EDUCACIÓN, CULTURA Y DEPORTE",1802,SECRETARÍA GENERAL,3,"TASAS, PP.PP. Y OTROS ING",30,VENTA DE BIENES,300,Venta de publicaciones,30000,Venta de publicaciones,2099.92
18,"EDUCACIÓN, CULTURA Y DEPORTE",1802,SECRETARÍA GENERAL,3,"TASAS, PP.PP. Y OTROS ING",30,VENTA DE BIENES,309,Venta de otros bienes,30900,Venta de otros bienes,72.18
18,"EDUCACIÓN, CULTURA Y DEPORTE",1802,SECRETARÍA GENERAL,3,"TASAS, PP.PP. Y OTROS ING",31,PRESTACIÓN DE SERVICIOS,311,Derechos matrícula c y s,31100,Derechos matrícula c y s,54604.34
18,"EDUCACIÓN, CULTURA Y DEPORTE",1802,SECRETARÍA GENERAL,3,"TASAS, PP.PP. Y OTROS ING",31,PRESTACIÓN DE SERVICIOS,312,"Derechos alojam, rest y r",31200,Derechos de alojamiento,249115.03
18,"EDUCACIÓN, CULTURA Y DEPORTE",1802,SECRETARÍA GENERAL,3,"TASAS, PP.PP. Y OTROS ING",31,PRESTACIÓN DE SERVICIOS,313,"Entradas museos, exposic",31300,Entradas a museos,202272.33
18,"EDUCACIÓN, CULTURA Y DEPORTE",1802,SECRETARÍA GENERAL,3,"TASAS, PP.PP. Y OTROS ING",31,PRESTACIÓN DE SERVICIOS,318,Otros precios públicos,31800,Otros precios públicos,3639905.59
18,"EDUCACIÓN, CULTURA Y DEPORTE",1802,SECRETARÍA GENERAL,3,"TASAS, PP.PP. Y OTROS ING",31,PRESTACIÓN DE SERVICIOS,319,Otros ingresos prest serv,31900,Otros ingresos prest serv,345398.51
18,"EDUCACIÓN, CULTURA Y DEPORTE",1802,SECRETARÍA GENERAL,3,"TASAS, PP.PP. Y OTROS ING",32,TASAS,322,Tasas direc e insp obras,32200,Dirección e inspec. obras,112590.64
18,"EDUCACIÓN, CULTURA Y DEPORTE",1802,SECRETARÍA GENERAL,3,"TASAS, PP.PP. Y OTROS ING",32,TASAS,327,Tasas materia educación,32700,Tasas materia educación,1517305.95
18,"EDUCACIÓN, CULTURA Y DEPORTE",1802,SECRETARÍA GENERAL,3,"TASAS, PP.PP. Y OTROS ING",32,TASAS,329,Otras tasas,32900,Otras tasas,200830.94
18,"EDUCACIÓN, CULTURA Y DEPORTE",1802,SECRETARÍA GENERAL,3,"TASAS, PP.PP. Y OTROS ING",38,REINTEGROS OPERACIONES C.,380,De ejercicios cerrados,38000,De ejercicios cerrados,505195.55
18,"EDUCACIÓN, CULTURA Y DEPORTE",1802,SECRETARÍA GENERAL,3,"TASAS, PP.PP. Y OTROS ING",38,REINTEGROS OPERACIONES C.,381,De presupuesto corriente,38100,De presupuesto corriente,500262.96
18,"EDUCACIÓN, CULTURA Y DEPORTE",1802,SECRETARÍA GENERAL,3,"TASAS, PP.PP. Y OTROS ING",39,OTROS INGRESOS,390,Recargos y multas,39000,Recargo de apremio,691.83
18,"EDUCACIÓN, CULTURA Y DEPORTE",1802,SECRETARÍA GENERAL,3,"TASAS, PP.PP. Y OTROS ING",39,OTROS INGRESOS,390,Recargos y multas,39001,Intereses de demora,1275.26
18,"EDUCACIÓN, CULTURA Y DEPORTE",1802,SECRETARÍA GENERAL,3,"TASAS, PP.PP. Y OTROS ING",39,OTROS INGRESOS,390,Recargos y multas,39002,Multas y sanciones,593.41
18,"EDUCACIÓN, CULTURA Y DEPORTE",1802,SECRETARÍA GENERAL,3,"TASAS, PP.PP. Y OTROS ING",39,OTROS INGRESOS,399,Ingresos diversos,39900,Ingresos diversos,387823.46
18,"EDUCACIÓN, CULTURA Y DEPORTE",1802,SECRETARÍA GENERAL,4,TRANSFERENCIAS CORRIENTES,43,"DE LA A.E., OO.AA., EE.PP",432,De diversos Ministerios,43200,De diversos Ministerios,8807167.32
18,"EDUCACIÓN, CULTURA Y DEPORTE",1802,SECRETARÍA GENERAL,5,INGRESOS PATRIMONIALES,52,INTERESES DE DEPÓSITOS,520,Intereses cuentas bancar,52000,Intereses cuentas bancar,133.37
18,"EDUCACIÓN, CULTURA Y DEPORTE",1802,SECRETARÍA GENERAL,5,INGRESOS PATRIMONIALES,55,"PRODUCTOS, CONCESIONES",550,Concesiones administrativ,55000,Concesiones administrativ,179476.84
18,"EDUCACIÓN, CULTURA Y DEPORTE",1802,SECRETARÍA GENERAL,6,ENAJENACIÓN INVERSIONES R,68,REINTEGROS O. DE CAPITAL,680,De ejercicios cerrados,68000,De transferencias capital,1052.03
18,"EDUCACIÓN, CULTURA Y DEPORTE",1802,SECRETARÍA GENERAL,7,TRANSFERENCIAS DE CAPITAL,73,"DE A.E., OO.AA., EE.PP.",730,FCI,73000,FCI,950220.0
18,"EDUCACIÓN, CULTURA Y DEPORTE",1802,SECRETARÍA GENERAL,8,ACTIVOS FINANCIEROS,82,REINTEGRO DE PRÉSTAMOS,820,A corto plazo,82000,A personal funcionario,25591.14
18,"EDUCACIÓN, CULTURA Y DEPORTE",1802,SECRETARÍA GENERAL,8,ACTIVOS FINANCIEROS,82,REINTEGRO DE PRÉSTAMOS,820,A corto plazo,82001,A personal laboral,7165.82
18,"EDUCACIÓN, CULTURA Y DEPORTE",1802,SECRETARÍA GENERAL,8,ACTIVOS FINANCIEROS,82,REINTEGRO DE PRÉSTAMOS,821,A largo plazo,82100,A personal funcionario,256352.92
18,"EDUCACIÓN, CULTURA Y DEPORTE",1802,SECRETARÍA GENERAL,8,ACTIVOS FINANCIEROS,82,REINTEGRO DE PRÉSTAMOS,821,A largo plazo,82101,A personal laboral,27436.34
18,"EDUCACIÓN, CULTURA Y DEPORTE",1802,SECRETARÍA GENERAL,9,PASIVOS FINANCIEROS,91,PRÉSTAMOS MONEDA NACIONAL,911,Préstamos recibidos a l/p,91101,Prés rec a l/p  dentro sp,18186081.02
19,"ECONOMÍA, EMPRESAS Y EMPLEO",1902,SECRETARÍA GENERAL,2,IMPUESTOS INDIRECTOS,24,IMPUESTOS MEDIOAMBIENTAL,241,I.actividad gener efectos adverso sobre,24100,Canon eólico,14021152.68
19,"ECONOMÍA, EMPRESAS Y EMPLEO",1902,SECRETARÍA GENERAL,3,"TASAS, PP.PP. Y OTROS ING",31,PRESTACIÓN DE SERVICIOS,312,"Derechos alojam, rest y r",31200,Derechos de alojamiento,30230.18
19,"ECONOMÍA, EMPRESAS Y EMPLEO",1902,SECRETARÍA GENERAL,3,"TASAS, PP.PP. Y OTROS ING",31,PRESTACIÓN DE SERVICIOS,318,Otros precios públicos,31800,Otros precios públicos,69.94
19,"ECONOMÍA, EMPRESAS Y EMPLEO",1902,SECRETARÍA GENERAL,3,"TASAS, PP.PP. Y OTROS ING",31,PRESTACIÓN DE SERVICIOS,319,Otros ingresos prest serv,31900,Otros ingresos prest serv,6.24
19,"ECONOMÍA, EMPRESAS Y EMPLEO",1902,SECRETARÍA GENERAL,3,"TASAS, PP.PP. Y OTROS ING",32,TASAS,322,Tasas direc e insp obras,32200,Dirección e inspec. obras,13627.37
19,"ECONOMÍA, EMPRESAS Y EMPLEO",1902,SECRETARÍA GENERAL,3,"TASAS, PP.PP. Y OTROS ING",32,TASAS,323,Tasas materia agricultura,32301,Tasas materia medioambien,11.92
19,"ECONOMÍA, EMPRESAS Y EMPLEO",1902,SECRETARÍA GENERAL,3,"TASAS, PP.PP. Y OTROS ING",32,TASAS,324,"Tasas industria, energía",32400,Tasas industria y energía,3791733.15
19,"ECONOMÍA, EMPRESAS Y EMPLEO",1902,SECRETARÍA GENERAL,3,"TASAS, PP.PP. Y OTROS ING",32,TASAS,329,Otras tasas,32900,Otras tasas,313321.94
19,"ECONOMÍA, EMPRESAS Y EMPLEO",1902,SECRETARÍA GENERAL,3,"TASAS, PP.PP. Y OTROS ING",38,REINTEGROS OPERACIONES C.,380,De ejercicios cerrados,38000,De ejercicios cerrados,3702158.58
19,"ECONOMÍA, EMPRESAS Y EMPLEO",1902,SECRETARÍA GENERAL,3,"TASAS, PP.PP. Y OTROS ING",38,REINTEGROS OPERACIONES C.,381,De presupuesto corriente,38100,De presupuesto corriente,203410.26
19,"ECONOMÍA, EMPRESAS Y EMPLEO",1902,SECRETARÍA GENERAL,3,"TASAS, PP.PP. Y OTROS ING",39,OTROS INGRESOS,390,Recargos y multas,39000,Recargo de apremio,145786.58
19,"ECONOMÍA, EMPRESAS Y EMPLEO",1902,SECRETARÍA GENERAL,3,"TASAS, PP.PP. Y OTROS ING",39,OTROS INGRESOS,390,Recargos y multas,39001,Intereses de demora,177329.33
19,"ECONOMÍA, EMPRESAS Y EMPLEO",1902,SECRETARÍA GENERAL,3,"TASAS, PP.PP. Y OTROS ING",39,OTROS INGRESOS,390,Recargos y multas,39002,Multas y sanciones,1568132.52
19,"ECONOMÍA, EMPRESAS Y EMPLEO",1902,SECRETARÍA GENERAL,3,"TASAS, PP.PP. Y OTROS ING",39,OTROS INGRESOS,390,Recargos y multas,39003,Multas salud y prev r lab,1185330.89
19,"ECONOMÍA, EMPRESAS Y EMPLEO",1902,SECRETARÍA GENERAL,3,"TASAS, PP.PP. Y OTROS ING",39,OTROS INGRESOS,390,Recargos y multas,39009,Otros,390373.36
19,"ECONOMÍA, EMPRESAS Y EMPLEO",1902,SECRETARÍA GENERAL,3,"TASAS, PP.PP. Y OTROS ING",39,OTROS INGRESOS,399,Ingresos diversos,39900,Ingresos diversos,240730.47
19,"ECONOMÍA, EMPRESAS Y EMPLEO",1902,SECRETARÍA GENERAL,4,TRANSFERENCIAS CORRIENTES,43,"DE LA A.E., OO.AA., EE.PP",432,De diversos Ministerios,43200,De diversos Ministerios,1101183.43
19,"ECONOMÍA, EMPRESAS Y EMPLEO",1902,SECRETARÍA GENERAL,4,TRANSFERENCIAS CORRIENTES,43,"DE LA A.E., OO.AA., EE.PP",434,De OO.AA. estatales,43400,De OO.AA. estatales,64708218.02
19,"ECONOMÍA, EMPRESAS Y EMPLEO",1902,SECRETARÍA GENERAL,4,TRANSFERENCIAS CORRIENTES,46,DE CORPORACIONES LOCALES,461,De diputaciones,46100,De diputaciones,24631731.29
19,"ECONOMÍA, EMPRESAS Y EMPLEO",1902,SECRETARÍA GENERAL,4,TRANSFERENCIAS CORRIENTES,49,DEL EXTERIOR,494,Fondo Social Europeo. FSE,49400,Fondo Social Europeo,9794280.65
19,"ECONOMÍA, EMPRESAS Y EMPLEO",1902,SECRETARÍA GENERAL,4,TRANSFERENCIAS CORRIENTES,49,DEL EXTERIOR,494,Fondo Social Europeo. FSE,49401,Iniciativa de Empleo Juvenil (FSE-YEI),581827.6
19,"ECONOMÍA, EMPRESAS Y EMPLEO",1902,SECRETARÍA GENERAL,4,TRANSFERENCIAS CORRIENTES,49,DEL EXTERIOR,499,Otras transferencias,49900,Otras transferencias,4127.61
19,"ECONOMÍA, EMPRESAS Y EMPLEO",1902,SECRETARÍA GENERAL,5,INGRESOS PATRIMONIALES,52,INTERESES DE DEPÓSITOS,520,Intereses cuentas bancar,52000,Intereses cuentas bancar,8.24
19,"ECONOMÍA, EMPRESAS Y EMPLEO",1902,SECRETARÍA GENERAL,5,INGRESOS PATRIMONIALES,59,OTROS INGRESOS PATRIMON.,590,Otros ingresos patrimon,59000,Otros ingresos patrimon,893847.64
19,"ECONOMÍA, EMPRESAS Y EMPLEO",1902,SECRETARÍA GENERAL,6,ENAJENACIÓN INVERSIONES R,68,REINTEGROS O. DE CAPITAL,680,De ejercicios cerrados,68000,De transferencias capital,13832.69
19,"ECONOMÍA, EMPRESAS Y EMPLEO",1902,SECRETARÍA GENERAL,6,ENAJENACIÓN INVERSIONES R,68,REINTEGROS O. DE CAPITAL,681,De presupuesto corriente,68100,De transferencias capital,5300.0
19,"ECONOMÍA, EMPRESAS Y EMPLEO",1902,SECRETARÍA GENERAL,7,TRANSFERENCIAS DE CAPITAL,73,"DE A.E., OO.AA., EE.PP.",734,De OO.AA. estatales,73400,De OO.AA. estatales,2262343.65
19,"ECONOMÍA, EMPRESAS Y EMPLEO",1902,SECRETARÍA GENERAL,8,ACTIVOS FINANCIEROS,82,REINTEGRO DE PRÉSTAMOS,820,A corto plazo,82000,A personal funcionario,42417.67
19,"ECONOMÍA, EMPRESAS Y EMPLEO",1902,SECRETARÍA GENERAL,8,ACTIVOS FINANCIEROS,82,REINTEGRO DE PRÉSTAMOS,820,A corto plazo,82001,A personal laboral,4400.0
19,"ECONOMÍA, EMPRESAS Y EMPLEO",1902,SECRETARÍA GENERAL,8,ACTIVOS FINANCIEROS,82,REINTEGRO DE PRÉSTAMOS,821,A largo plazo,82100,A personal funcionario,103203.56
19,"ECONOMÍA, EMPRESAS Y EMPLEO",1902,SECRETARÍA GENERAL,8,ACTIVOS FINANCIEROS,82,REINTEGRO DE PRÉSTAMOS,821,A largo plazo,82101,A personal laboral,16861.24
19,"ECONOMÍA, EMPRESAS Y EMPLEO",1902,SECRETARÍA GENERAL,8,ACTIVOS FINANCIEROS,82,REINTEGRO DE PRÉSTAMOS,821,A largo plazo,82105,Otros préstamos y anticip,81230.55
21,"AGRICULTURA, MEDIO AMBIENTE Y DESARROLLO",2102,SECRETARÍA GENERAL,3,"TASAS, PP.PP. Y OTROS ING",30,VENTA DE BIENES,301,Venta  prod agropecuarios,30100,Venta prod agropecuarios,34843.34
21,"AGRICULTURA, MEDIO AMBIENTE Y DESARROLLO",2102,SECRETARÍA GENERAL,3,"TASAS, PP.PP. Y OTROS ING",30,VENTA DE BIENES,309,Venta de otros bienes,30900,Venta de otros bienes,768.4
21,"AGRICULTURA, MEDIO AMBIENTE Y DESARROLLO",2102,SECRETARÍA GENERAL,3,"TASAS, PP.PP. Y OTROS ING",31,PRESTACIÓN DE SERVICIOS,311,Derechos matrícula c y s,31100,Derechos matrícula c y s,41.62
21,"AGRICULTURA, MEDIO AMBIENTE Y DESARROLLO",2102,SECRETARÍA GENERAL,3,"TASAS, PP.PP. Y OTROS ING",31,PRESTACIÓN DE SERVICIOS,314,Derecho plantación viñedo,31400,Derecho plantación viñedo,4567.4
21,"AGRICULTURA, MEDIO AMBIENTE Y DESARROLLO",2102,SECRETARÍA GENERAL,3,"TASAS, PP.PP. Y OTROS ING",31,PRESTACIÓN DE SERVICIOS,318,Otros precios públicos,31800,Otros precios públicos,1110.8
21,"AGRICULTURA, MEDIO AMBIENTE Y DESARROLLO",2102,SECRETARÍA GENERAL,3,"TASAS, PP.PP. Y OTROS ING",31,PRESTACIÓN DE SERVICIOS,319,Otros ingresos prest serv,31900,Otros ingresos prest serv,11735.82
21,"AGRICULTURA, MEDIO AMBIENTE Y DESARROLLO",2102,SECRETARÍA GENERAL,3,"TASAS, PP.PP. Y OTROS ING",32,TASAS,322,Tasas direc e insp obras,32200,Dirección e inspec. obras,48192.02
21,"AGRICULTURA, MEDIO AMBIENTE Y DESARROLLO",2102,SECRETARÍA GENERAL,3,"TASAS, PP.PP. Y OTROS ING",32,TASAS,323,Tasas materia agricultura,32300,Tasas materia agricultura,961938.81
21,"AGRICULTURA, MEDIO AMBIENTE Y DESARROLLO",2102,SECRETARÍA GENERAL,3,"TASAS, PP.PP. Y OTROS ING",32,TASAS,323,Tasas materia agricultura,32301,Tasas materia medioambien,9291589.46
21,"AGRICULTURA, MEDIO AMBIENTE Y DESARROLLO",2102,SECRETARÍA GENERAL,3,"TASAS, PP.PP. Y OTROS ING",32,TASAS,329,Otras tasas,32900,Otras tasas,322341.83
21,"AGRICULTURA, MEDIO AMBIENTE Y DESARROLLO",2102,SECRETARÍA GENERAL,3,"TASAS, PP.PP. Y OTROS ING",38,REINTEGROS OPERACIONES C.,380,De ejercicios cerrados,38000,De ejercicios cerrados,1039162.22
21,"AGRICULTURA, MEDIO AMBIENTE Y DESARROLLO",2102,SECRETARÍA GENERAL,3,"TASAS, PP.PP. Y OTROS ING",38,REINTEGROS OPERACIONES C.,381,De presupuesto corriente,38100,De presupuesto corriente,57399.86
21,"AGRICULTURA, MEDIO AMBIENTE Y DESARROLLO",2102,SECRETARÍA GENERAL,3,"TASAS, PP.PP. Y OTROS ING",39,OTROS INGRESOS,390,Recargos y multas,39000,Recargo de apremio,242389.89
21,"AGRICULTURA, MEDIO AMBIENTE Y DESARROLLO",2102,SECRETARÍA GENERAL,3,"TASAS, PP.PP. Y OTROS ING",39,OTROS INGRESOS,390,Recargos y multas,39001,Intereses de demora,264831.73
21,"AGRICULTURA, MEDIO AMBIENTE Y DESARROLLO",2102,SECRETARÍA GENERAL,3,"TASAS, PP.PP. Y OTROS ING",39,OTROS INGRESOS,390,Recargos y multas,39002,Multas y sanciones,6109520.1
21,"AGRICULTURA, MEDIO AMBIENTE Y DESARROLLO",2102,SECRETARÍA GENERAL,3,"TASAS, PP.PP. Y OTROS ING",39,OTROS INGRESOS,390,Recargos y multas,39009,Otros,162.61
21,"AGRICULTURA, MEDIO AMBIENTE Y DESARROLLO",2102,SECRETARÍA GENERAL,3,"TASAS, PP.PP. Y OTROS ING",39,OTROS INGRESOS,399,Ingresos diversos,39900,Ingresos diversos,214499.39
21,"AGRICULTURA, MEDIO AMBIENTE Y DESARROLLO",2102,SECRETARÍA GENERAL,4,TRANSFERENCIAS CORRIENTES,43,"DE LA A.E., OO.AA., EE.PP",432,De diversos Ministerios,43200,De diversos Ministerios,6570633.89
21,"AGRICULTURA, MEDIO AMBIENTE Y DESARROLLO",2102,SECRETARÍA GENERAL,4,TRANSFERENCIAS CORRIENTES,43,"DE LA A.E., OO.AA., EE.PP",432,De diversos Ministerios,43216,Cese anticipado,81544.88
21,"AGRICULTURA, MEDIO AMBIENTE Y DESARROLLO",2102,SECRETARÍA GENERAL,4,TRANSFERENCIAS CORRIENTES,49,DEL EXTERIOR,492,Fondo euro agrario.FEADER,49200,Fondo euro agrario.FEADER,32659119.26
21,"AGRICULTURA, MEDIO AMBIENTE Y DESARROLLO",2102,SECRETARÍA GENERAL,4,TRANSFERENCIAS CORRIENTES,49,DEL EXTERIOR,493,FEAGA,49308,Regulación sector vitivin,20854248.17
21,"AGRICULTURA, MEDIO AMBIENTE Y DESARROLLO",2102,SECRETARÍA GENERAL,4,TRANSFERENCIAS CORRIENTES,49,DEL EXTERIOR,493,FEAGA,49309,Otros ingresos FEAGA,703933414.1
21,"AGRICULTURA, MEDIO AMBIENTE Y DESARROLLO",2102,SECRETARÍA GENERAL,5,INGRESOS PATRIMONIALES,52,INTERESES DE DEPÓSITOS,520,Intereses cuentas bancar,52000,Intereses cuentas bancar,70.26
21,"AGRICULTURA, MEDIO AMBIENTE Y DESARROLLO",2102,SECRETARÍA GENERAL,5,INGRESOS PATRIMONIALES,55,"PRODUCTOS, CONCESIONES",550,Concesiones administrativ,55000,Concesiones administrativ,202446.98
21,"AGRICULTURA, MEDIO AMBIENTE Y DESARROLLO",2102,SECRETARÍA GENERAL,5,INGRESOS PATRIMONIALES,55,"PRODUCTOS, CONCESIONES",551,Aprovecham agrícola y for,55100,Aprovecham agrícola y for,1395796.31
21,"AGRICULTURA, MEDIO AMBIENTE Y DESARROLLO",2102,SECRETARÍA GENERAL,5,INGRESOS PATRIMONIALES,55,"PRODUCTOS, CONCESIONES",559,Otras concesiones y aprov,55900,Otras concesiones y aprov,9070.34
21,"AGRICULTURA, MEDIO AMBIENTE Y DESARROLLO",2102,SECRETARÍA GENERAL,6,ENAJENACIÓN INVERSIONES R,60,DE TERRENOS,603,Venta terrenos no urbanos,60300,Venta terrenos no urbanos,11616.01
21,"AGRICULTURA, MEDIO AMBIENTE Y DESARROLLO",2102,SECRETARÍA GENERAL,6,ENAJENACIÓN INVERSIONES R,61,DE LAS DEMÁS INVERSIONES,615,Venta elementos transport,61500,Venta elementos transport,8.84
21,"AGRICULTURA, MEDIO AMBIENTE Y DESARROLLO",2102,SECRETARÍA GENERAL,6,ENAJENACIÓN INVERSIONES R,68,REINTEGROS O. DE CAPITAL,680,De ejercicios cerrados,68000,De transferencias capital,3408600.42
21,"AGRICULTURA, MEDIO AMBIENTE Y DESARROLLO",2102,SECRETARÍA GENERAL,6,ENAJENACIÓN INVERSIONES R,68,REINTEGROS O. DE CAPITAL,680,De ejercicios cerrados,68001,De inversiones reales,27391.33
21,"AGRICULTURA, MEDIO AMBIENTE Y DESARROLLO",2102,SECRETARÍA GENERAL,7,TRANSFERENCIAS DE CAPITAL,70,DE LA JCCM,700,De la JCCM,70000,De la JCCM,86962.46
21,"AGRICULTURA, MEDIO AMBIENTE Y DESARROLLO",2102,SECRETARÍA GENERAL,7,TRANSFERENCIAS DE CAPITAL,73,"DE A.E., OO.AA., EE.PP.",732,De diversos Ministerios,73200,De diversos Ministerios,4619992.74
21,"AGRICULTURA, MEDIO AMBIENTE Y DESARROLLO",2102,SECRETARÍA GENERAL,7,TRANSFERENCIAS DE CAPITAL,73,"DE A.E., OO.AA., EE.PP.",734,De OO.AA. estatales,73400,De OO.AA. estatales,7658.67
21,"AGRICULTURA, MEDIO AMBIENTE Y DESARROLLO",2102,SECRETARÍA GENERAL,7,TRANSFERENCIAS DE CAPITAL,76,DE CORPORACIONES LOCALES,760,De ayuntamientos,76001,Fondo de mejora de montes,1029173.97
21,"AGRICULTURA, MEDIO AMBIENTE Y DESARROLLO",2102,SECRETARÍA GENERAL,7,TRANSFERENCIAS DE CAPITAL,76,DE CORPORACIONES LOCALES,761,De diputaciones,76100,De diputaciones,306240.83
21,"AGRICULTURA, MEDIO AMBIENTE Y DESARROLLO",2102,SECRETARÍA GENERAL,7,TRANSFERENCIAS DE CAPITAL,78,DE FAMILIAS E INSTIT. SFL,780,De familias e instit sfl,78000,De familias e instit sfl,287334.75
21,"AGRICULTURA, MEDIO AMBIENTE Y DESARROLLO",2102,SECRETARÍA GENERAL,7,TRANSFERENCIAS DE CAPITAL,79,DEL EXTERIOR,790,FEDER,79001,Anticipos reitegrables Ministerio-FEDER,14497.83
21,"AGRICULTURA, MEDIO AMBIENTE Y DESARROLLO",2102,SECRETARÍA GENERAL,7,TRANSFERENCIAS DE CAPITAL,79,DEL EXTERIOR,792,Fondo euro agrario.FEADER,79200,Fondo europeo Agrario,51132296.93
21,"AGRICULTURA, MEDIO AMBIENTE Y DESARROLLO",2102,SECRETARÍA GENERAL,7,TRANSFERENCIAS DE CAPITAL,79,DEL EXTERIOR,793,FEAGA,79300,FEAGA,48594086.07
21,"AGRICULTURA, MEDIO AMBIENTE Y DESARROLLO",2102,SECRETARÍA GENERAL,7,TRANSFERENCIAS DE CAPITAL,79,DEL EXTERIOR,799,Otras transferencias,79900,Otras transferencias,396509.88
21,"AGRICULTURA, MEDIO AMBIENTE Y DESARROLLO",2102,SECRETARÍA GENERAL,8,ACTIVOS FINANCIEROS,82,REINTEGRO DE PRÉSTAMOS,820,A corto plazo,82000,A personal funcionario,37243.53
21,"AGRICULTURA, MEDIO AMBIENTE Y DESARROLLO",2102,SECRETARÍA GENERAL,8,ACTIVOS FINANCIEROS,82,REINTEGRO DE PRÉSTAMOS,820,A corto plazo,82001,A personal laboral,3300.02
21,"AGRICULTURA, MEDIO AMBIENTE Y DESARROLLO",2102,SECRETARÍA GENERAL,8,ACTIVOS FINANCIEROS,82,REINTEGRO DE PRÉSTAMOS,821,A largo plazo,82100,A personal funcionario,85885.89
21,"AGRICULTURA, MEDIO AMBIENTE Y DESARROLLO",2102,SECRETARÍA GENERAL,8,ACTIVOS FINANCIEROS,82,REINTEGRO DE PRÉSTAMOS,821,A largo plazo,82101,A personal laboral,33533.28
26,SANIDAD,2602,SECRETARÍA GENERAL,3,"TASAS, PP.PP. Y OTROS ING",31,PRESTACIÓN DE SERVICIOS,311,Derechos matrícula c y s,31100,Derechos matrícula c y s,67.91
26,SANIDAD,2602,SECRETARÍA GENERAL,3,"TASAS, PP.PP. Y OTROS ING",31,PRESTACIÓN DE SERVICIOS,318,Otros precios públicos,31800,Otros precios públicos,1302.72
26,SANIDAD,2602,SECRETARÍA GENERAL,3,"TASAS, PP.PP. Y OTROS ING",31,PRESTACIÓN DE SERVICIOS,319,Otros ingresos prest serv,31900,Otros ingresos prest serv,8468.19
26,SANIDAD,2602,SECRETARÍA GENERAL,3,"TASAS, PP.PP. Y OTROS ING",32,TASAS,322,Tasas direc e insp obras,32200,Dirección e inspec. obras,331.18
26,SANIDAD,2602,SECRETARÍA GENERAL,3,"TASAS, PP.PP. Y OTROS ING",32,TASAS,326,Tasas en materia sanidad,32600,Tasas en materia sanidad,2661587.41
26,SANIDAD,2602,SECRETARÍA GENERAL,3,"TASAS, PP.PP. Y OTROS ING",32,TASAS,329,Otras tasas,32900,Otras tasas,19197.27
26,SANIDAD,2602,SECRETARÍA GENERAL,3,"TASAS, PP.PP. Y OTROS ING",38,REINTEGROS OPERACIONES C.,380,De ejercicios cerrados,38000,De ejercicios cerrados,1026449.25
26,SANIDAD,2602,SECRETARÍA GENERAL,3,"TASAS, PP.PP. Y OTROS ING",38,REINTEGROS OPERACIONES C.,381,De presupuesto corriente,38100,De presupuesto corriente,47316.94
26,SANIDAD,2602,SECRETARÍA GENERAL,3,"TASAS, PP.PP. Y OTROS ING",39,OTROS INGRESOS,390,Recargos y multas,39000,Recargo de apremio,4548.97
26,SANIDAD,2602,SECRETARÍA GENERAL,3,"TASAS, PP.PP. Y OTROS ING",39,OTROS INGRESOS,390,Recargos y multas,39001,Intereses de demora,1738.12
26,SANIDAD,2602,SECRETARÍA GENERAL,3,"TASAS, PP.PP. Y OTROS ING",39,OTROS INGRESOS,390,Recargos y multas,39002,Multas y sanciones,2424757.04
26,SANIDAD,2602,SECRETARÍA GENERAL,3,"TASAS, PP.PP. Y OTROS ING",39,OTROS INGRESOS,390,Recargos y multas,39003,Multas salud y prev r lab,94501.05
26,SANIDAD,2602,SECRETARÍA GENERAL,3,"TASAS, PP.PP. Y OTROS ING",39,OTROS INGRESOS,399,Ingresos diversos,39900,Ingresos diversos,64805.96
26,SANIDAD,2602,SECRETARÍA GENERAL,4,TRANSFERENCIAS CORRIENTES,41,DE OO.AA. DE LA JUNTA,410,De OO.AA. de la Junta,41000,De OO.AA. de la Junta,424838.86
26,SANIDAD,2602,SECRETARÍA GENERAL,4,TRANSFERENCIAS CORRIENTES,43,"DE LA A.E., OO.AA., EE.PP",432,De diversos Ministerios,43200,De diversos Ministerios,47019.0
26,SANIDAD,2602,SECRETARÍA GENERAL,4,TRANSFERENCIAS CORRIENTES,43,"DE LA A.E., OO.AA., EE.PP",432,De diversos Ministerios,43240,Plan nacional de drogas,1027369.15
26,SANIDAD,2602,SECRETARÍA GENERAL,4,TRANSFERENCIAS CORRIENTES,43,"DE LA A.E., OO.AA., EE.PP",434,De OO.AA. estatales,43400,De OO.AA. estatales,25255.0
26,SANIDAD,2602,SECRETARÍA GENERAL,5,INGRESOS PATRIMONIALES,52,INTERESES DE DEPÓSITOS,520,Intereses cuentas bancar,52000,Intereses cuentas bancar,12.42
26,SANIDAD,2602,SECRETARÍA GENERAL,6,ENAJENACIÓN INVERSIONES R,68,REINTEGROS O. DE CAPITAL,680,De ejercicios cerrados,68000,De transferencias capital,521053.89
26,SANIDAD,2602,SECRETARÍA GENERAL,8,ACTIVOS FINANCIEROS,82,REINTEGRO DE PRÉSTAMOS,820,A corto plazo,82000,A personal funcionario,20850.0
26,SANIDAD,2602,SECRETARÍA GENERAL,8,ACTIVOS FINANCIEROS,82,REINTEGRO DE PRÉSTAMOS,820,A corto plazo,82001,A personal laboral,5327.86
26,SANIDAD,2602,SECRETARÍA GENERAL,8,ACTIVOS FINANCIEROS,82,REINTEGRO DE PRÉSTAMOS,821,A largo plazo,82100,A personal funcionario,74873.66
26,SANIDAD,2602,SECRETARÍA GENERAL,8,ACTIVOS FINANCIEROS,82,REINTEGRO DE PRÉSTAMOS,821,A largo plazo,82101,A personal laboral,25385.61
27,BIENESTAR SOCIAL,2702,SECRETARÍA GENERAL,3,"TASAS, PP.PP. Y OTROS ING",30,VENTA DE BIENES,309,Venta de otros bienes,30900,Venta de otros bienes,40448.86
27,BIENESTAR SOCIAL,2702,SECRETARÍA GENERAL,3,"TASAS, PP.PP. Y OTROS ING",31,PRESTACIÓN DE SERVICIOS,312,"Derechos alojam, rest y r",31200,Derechos de alojamiento,57925578.04
27,BIENESTAR SOCIAL,2702,SECRETARÍA GENERAL,3,"TASAS, PP.PP. Y OTROS ING",31,PRESTACIÓN DE SERVICIOS,318,Otros precios públicos,31800,Otros precios públicos,49502.81
27,BIENESTAR SOCIAL,2702,SECRETARÍA GENERAL,3,"TASAS, PP.PP. Y OTROS ING",31,PRESTACIÓN DE SERVICIOS,319,Otros ingresos prest serv,31900,Otros ingresos prest serv,5621.25
27,BIENESTAR SOCIAL,2702,SECRETARÍA GENERAL,3,"TASAS, PP.PP. Y OTROS ING",32,TASAS,322,Tasas direc e insp obras,32200,Dirección e inspec. obras,9571.04
27,BIENESTAR SOCIAL,2702,SECRETARÍA GENERAL,3,"TASAS, PP.PP. Y OTROS ING",32,TASAS,326,Tasas en materia sanidad,32600,Tasas en materia sanidad,14595.97
27,BIENESTAR SOCIAL,2702,SECRETARÍA GENERAL,3,"TASAS, PP.PP. Y OTROS ING",32,TASAS,328,Tasas en materia de Bienestar Social,32800,Tasas en materia de Bienestar Social,171738.58
27,BIENESTAR SOCIAL,2702,SECRETARÍA GENERAL,3,"TASAS, PP.PP. Y OTROS ING",32,TASAS,329,Otras tasas,32900,Otras tasas,9216.86
27,BIENESTAR SOCIAL,2702,SECRETARÍA GENERAL,3,"TASAS, PP.PP. Y OTROS ING",38,REINTEGROS OPERACIONES C.,380,De ejercicios cerrados,38000,De ejercicios cerrados,2321313.81
27,BIENESTAR SOCIAL,2702,SECRETARÍA GENERAL,3,"TASAS, PP.PP. Y OTROS ING",38,REINTEGROS OPERACIONES C.,381,De presupuesto corriente,38100,De presupuesto corriente,950040.62
27,BIENESTAR SOCIAL,2702,SECRETARÍA GENERAL,3,"TASAS, PP.PP. Y OTROS ING",39,OTROS INGRESOS,390,Recargos y multas,39000,Recargo de apremio,98487.53
27,BIENESTAR SOCIAL,2702,SECRETARÍA GENERAL,3,"TASAS, PP.PP. Y OTROS ING",39,OTROS INGRESOS,390,Recargos y multas,39001,Intereses de demora,9062.49
27,BIENESTAR SOCIAL,2702,SECRETARÍA GENERAL,3,"TASAS, PP.PP. Y OTROS ING",39,OTROS INGRESOS,390,Recargos y multas,39002,Multas y sanciones,208320.68
27,BIENESTAR SOCIAL,2702,SECRETARÍA GENERAL,3,"TASAS, PP.PP. Y OTROS ING",39,OTROS INGRESOS,399,Ingresos diversos,39900,Ingresos diversos,330382.44
27,BIENESTAR SOCIAL,2702,SECRETARÍA GENERAL,4,TRANSFERENCIAS CORRIENTES,43,"DE LA A.E., OO.AA., EE.PP",432,De diversos Ministerios,43200,De diversos Ministerios,4276352.12
27,BIENESTAR SOCIAL,2702,SECRETARÍA GENERAL,4,TRANSFERENCIAS CORRIENTES,43,"DE LA A.E., OO.AA., EE.PP",434,De OO.AA. estatales,43400,De OO.AA. estatales,57131802.9
27,BIENESTAR SOCIAL,2702,SECRETARÍA GENERAL,4,TRANSFERENCIAS CORRIENTES,44,DE LA SEGURIDAD SOCIAL,440,De la Seguridad Social,44000,De la Seguridad Social,11159.0
27,BIENESTAR SOCIAL,2702,SECRETARÍA GENERAL,5,INGRESOS PATRIMONIALES,52,INTERESES DE DEPÓSITOS,520,Intereses cuentas bancar,52000,Intereses cuentas bancar,190.67
27,BIENESTAR SOCIAL,2702,SECRETARÍA GENERAL,5,INGRESOS PATRIMONIALES,55,"PRODUCTOS, CONCESIONES",550,Concesiones administrativ,55000,Concesiones administrativ,242.0
27,BIENESTAR SOCIAL,2702,SECRETARÍA GENERAL,8,ACTIVOS FINANCIEROS,82,REINTEGRO DE PRÉSTAMOS,820,A corto plazo,82000,A personal funcionario,35754.8
27,BIENESTAR SOCIAL,2702,SECRETARÍA GENERAL,8,ACTIVOS FINANCIEROS,82,REINTEGRO DE PRÉSTAMOS,820,A corto plazo,82001,A personal laboral,22150.59
27,BIENESTAR SOCIAL,2702,SECRETARÍA GENERAL,8,ACTIVOS FINANCIEROS,82,REINTEGRO DE PRÉSTAMOS,821,A largo plazo,82100,A personal funcionario,114066.01
27,BIENESTAR SOCIAL,2702,SECRETARÍA GENERAL,8,ACTIVOS FINANCIEROS,82,REINTEGRO DE PRÉSTAMOS,821,A largo plazo,82101,A personal laboral,312394.1
51,I. REG. INV. Y DES. AGROALIMEN. Y FOREST,5101,I. REG. INV. Y DES. AGROALIMEN. Y FOREST,3,"TASAS, PP.PP. Y OTROS ING",30,VENTA DE BIENES,301,Venta  prod agropecuarios,30100,Venta prod agropecuarios,17938.96
51,I. REG. INV. Y DES. AGROALIMEN. Y FOREST,5101,I. REG. INV. Y DES. AGROALIMEN. Y FOREST,3,"TASAS, PP.PP. Y OTROS ING",30,VENTA DE BIENES,309,Venta de otros bienes,30900,Venta de otros bienes,52192.78
51,I. REG. INV. Y DES. AGROALIMEN. Y FOREST,5101,I. REG. INV. Y DES. AGROALIMEN. Y FOREST,3,"TASAS, PP.PP. Y OTROS ING",31,PRESTACIÓN DE SERVICIOS,318,Otros precios públicos,31800,Otros precios públicos,74265.1
51,I. REG. INV. Y DES. AGROALIMEN. Y FOREST,5101,I. REG. INV. Y DES. AGROALIMEN. Y FOREST,3,"TASAS, PP.PP. Y OTROS ING",31,PRESTACIÓN DE SERVICIOS,319,Otros ingresos prest serv,31900,Otros ingresos prest serv,68422.48
51,I. REG. INV. Y DES. AGROALIMEN. Y FOREST,5101,I. REG. INV. Y DES. AGROALIMEN. Y FOREST,3,"TASAS, PP.PP. Y OTROS ING",32,TASAS,323,Tasas materia agricultura,32300,Tasas materia agricultura,-242.85
51,I. REG. INV. Y DES. AGROALIMEN. Y FOREST,5101,I. REG. INV. Y DES. AGROALIMEN. Y FOREST,3,"TASAS, PP.PP. Y OTROS ING",32,TASAS,329,Otras tasas,32900,Otras tasas,7696.78
51,I. REG. INV. Y DES. AGROALIMEN. Y FOREST,5101,I. REG. INV. Y DES. AGROALIMEN. Y FOREST,3,"TASAS, PP.PP. Y OTROS ING",38,REINTEGROS OPERACIONES C.,380,De ejercicios cerrados,38000,De ejercicios cerrados,1691.26
51,I. REG. INV. Y DES. AGROALIMEN. Y FOREST,5101,I. REG. INV. Y DES. AGROALIMEN. Y FOREST,3,"TASAS, PP.PP. Y OTROS ING",38,REINTEGROS OPERACIONES C.,381,De presupuesto corriente,38100,De presupuesto corriente,5122.37
51,I. REG. INV. Y DES. AGROALIMEN. Y FOREST,5101,I. REG. INV. Y DES. AGROALIMEN. Y FOREST,3,"TASAS, PP.PP. Y OTROS ING",39,OTROS INGRESOS,390,Recargos y multas,39002,Multas y sanciones,4993.96
51,I. REG. INV. Y DES. AGROALIMEN. Y FOREST,5101,I. REG. INV. Y DES. AGROALIMEN. Y FOREST,3,"TASAS, PP.PP. Y OTROS ING",39,OTROS INGRESOS,399,Ingresos diversos,39900,Ingresos diversos,4224.52
51,I. REG. INV. Y DES. AGROALIMEN. Y FOREST,5101,I. REG. INV. Y DES. AGROALIMEN. Y FOREST,4,TRANSFERENCIAS CORRIENTES,40,DE LA JCCM,400,De la JCCM,40009,Otras transf de la Junta,796.71
51,I. REG. INV. Y DES. AGROALIMEN. Y FOREST,5101,I. REG. INV. Y DES. AGROALIMEN. Y FOREST,5,INGRESOS PATRIMONIALES,55,"PRODUCTOS, CONCESIONES",559,Otras concesiones y aprov,55900,Otras concesiones y aprov,1114.27
51,I. REG. INV. Y DES. AGROALIMEN. Y FOREST,5101,I. REG. INV. Y DES. AGROALIMEN. Y FOREST,6,ENAJENACIÓN INVERSIONES R,60,DE TERRENOS,603,Venta terrenos no urbanos,60300,Venta terrenos no urbanos,22204.95
51,I. REG. INV. Y DES. AGROALIMEN. Y FOREST,5101,I. REG. INV. Y DES. AGROALIMEN. Y FOREST,7,TRANSFERENCIAS DE CAPITAL,73,"DE A.E., OO.AA., EE.PP.",732,De diversos Ministerios,73200,De diversos Ministerios,348158.02
51,I. REG. INV. Y DES. AGROALIMEN. Y FOREST,5101,I. REG. INV. Y DES. AGROALIMEN. Y FOREST,7,TRANSFERENCIAS DE CAPITAL,73,"DE A.E., OO.AA., EE.PP.",734,De OO.AA. estatales,73400,De OO.AA. estatales,8400.0
51,I. REG. INV. Y DES. AGROALIMEN. Y FOREST,5101,I. REG. INV. Y DES. AGROALIMEN. Y FOREST,8,ACTIVOS FINANCIEROS,82,REINTEGRO DE PRÉSTAMOS,821,A largo plazo,82100,A personal funcionario,4107.09
51,I. REG. INV. Y DES. AGROALIMEN. Y FOREST,5101,I. REG. INV. Y DES. AGROALIMEN. Y FOREST,8,ACTIVOS FINANCIEROS,82,REINTEGRO DE PRÉSTAMOS,821,A largo plazo,82101,A personal laboral,144.16
55,INSTITUTO DE PROMOCIÓN EXTERIOR,5501,INSTITUTO DE PROMOCIÓN EXTERIOR DE C-LM,3,"TASAS, PP.PP. Y OTROS ING",32,TASAS,329,Otras tasas,32900,Otras tasas,51.6
55,INSTITUTO DE PROMOCIÓN EXTERIOR,5501,INSTITUTO DE PROMOCIÓN EXTERIOR DE C-LM,3,"TASAS, PP.PP. Y OTROS ING",38,REINTEGROS OPERACIONES C.,380,De ejercicios cerrados,38000,De ejercicios cerrados,6932.28
55,INSTITUTO DE PROMOCIÓN EXTERIOR,5501,INSTITUTO DE PROMOCIÓN EXTERIOR DE C-LM,3,"TASAS, PP.PP. Y OTROS ING",38,REINTEGROS OPERACIONES C.,381,De presupuesto corriente,38100,De presupuesto corriente,2624.68
56,AGENCIA DEL AGUA DE CASTILLA-LA MANCHA,5601,AGENCIA DEL AGUA DE CASTILLA-LA MANCHA,3,"TASAS, PP.PP. Y OTROS ING",32,TASAS,322,Tasas direc e insp obras,32200,Dirección e inspec. obras,29838.95
56,AGENCIA DEL AGUA DE CASTILLA-LA MANCHA,5601,AGENCIA DEL AGUA DE CASTILLA-LA MANCHA,3,"TASAS, PP.PP. Y OTROS ING",32,TASAS,329,Otras tasas,32900,Otras tasas,256.57
56,AGENCIA DEL AGUA DE CASTILLA-LA MANCHA,5601,AGENCIA DEL AGUA DE CASTILLA-LA MANCHA,3,"TASAS, PP.PP. Y OTROS ING",39,OTROS INGRESOS,399,Ingresos diversos,39900,Ingresos diversos,0.03
56,AGENCIA DEL AGUA DE CASTILLA-LA MANCHA,5601,AGENCIA DEL AGUA DE CASTILLA-LA MANCHA,7,TRANSFERENCIAS DE CAPITAL,73,"DE A.E., OO.AA., EE.PP.",733,Otras transferencias,73301,Tarifa trasvase,3640355.05
56,AGENCIA DEL AGUA DE CASTILLA-LA MANCHA,5601,AGENCIA DEL AGUA DE CASTILLA-LA MANCHA,8,ACTIVOS FINANCIEROS,82,REINTEGRO DE PRÉSTAMOS,821,A largo plazo,82100,A personal funcionario,768.5
70,INSTITUTO DE LA MUJER,7001,INSTITUTO DE LA MUJER,3,"TASAS, PP.PP. Y OTROS ING",32,TASAS,329,Otras tasas,32900,Otras tasas,332.58
70,INSTITUTO DE LA MUJER,7001,INSTITUTO DE LA MUJER,3,"TASAS, PP.PP. Y OTROS ING",38,REINTEGROS OPERACIONES C.,380,De ejercicios cerrados,38000,De ejercicios cerrados,351712.96
70,INSTITUTO DE LA MUJER,7001,INSTITUTO DE LA MUJER,3,"TASAS, PP.PP. Y OTROS ING",38,REINTEGROS OPERACIONES C.,381,De presupuesto corriente,38100,De presupuesto corriente,17158.26
70,INSTITUTO DE LA MUJER,7001,INSTITUTO DE LA MUJER,3,"TASAS, PP.PP. Y OTROS ING",39,OTROS INGRESOS,399,Ingresos diversos,39900,Ingresos diversos,15.63
70,INSTITUTO DE LA MUJER,7001,INSTITUTO DE LA MUJER,4,TRANSFERENCIAS CORRIENTES,40,DE LA JCCM,400,De la JCCM,40009,Otras transf de la Junta,10350.0
70,INSTITUTO DE LA MUJER,7001,INSTITUTO DE LA MUJER,4,TRANSFERENCIAS CORRIENTES,43,"DE LA A.E., OO.AA., EE.PP",432,De diversos Ministerios,43200,De diversos Ministerios,351831.0
70,INSTITUTO DE LA MUJER,7001,INSTITUTO DE LA MUJER,5,INGRESOS PATRIMONIALES,52,INTERESES DE DEPÓSITOS,520,Intereses cuentas bancar,52000,Intereses cuentas bancar,0.37
70,INSTITUTO DE LA MUJER,7001,INSTITUTO DE LA MUJER,6,ENAJENACIÓN INVERSIONES R,68,REINTEGROS O. DE CAPITAL,680,De ejercicios cerrados,68000,De transferencias capital,143.32
70,INSTITUTO DE LA MUJER,7001,INSTITUTO DE LA MUJER,6,ENAJENACIÓN INVERSIONES R,68,REINTEGROS O. DE CAPITAL,681,De presupuesto corriente,68100,De transferencias capital,3783.8
70,INSTITUTO DE LA MUJER,7001,INSTITUTO DE LA MUJER,8,ACTIVOS FINANCIEROS,82,REINTEGRO DE PRÉSTAMOS,820,A corto plazo,82000,A personal funcionario,2099.98
70,INSTITUTO DE LA MUJER,7001,INSTITUTO DE LA MUJER,8,ACTIVOS FINANCIEROS,82,REINTEGRO DE PRÉSTAMOS,821,A largo plazo,82100,A personal funcionario,4657.07
61,SERVICIO DE SALUD DE CASTILLA-LA MANCHA,6102,SECRETARIA GENERAL,3,"TASAS, PP.PP. Y OTROS ING",30,VENTA DE BIENES,309,Venta de otros bienes,30900,Venta de otros bienes,217748.25
61,SERVICIO DE SALUD DE CASTILLA-LA MANCHA,6102,SECRETARIA GENERAL,3,"TASAS, PP.PP. Y OTROS ING",31,PRESTACIÓN DE SERVICIOS,315,De asistencia sanitaria,31500,Al Sector Público,13544.46
61,SERVICIO DE SALUD DE CASTILLA-LA MANCHA,6102,SECRETARIA GENERAL,3,"TASAS, PP.PP. Y OTROS ING",31,PRESTACIÓN DE SERVICIOS,315,De asistencia sanitaria,31501,Al Sector Privado,21315525.63
61,SERVICIO DE SALUD DE CASTILLA-LA MANCHA,6102,SECRETARIA GENERAL,3,"TASAS, PP.PP. Y OTROS ING",31,PRESTACIÓN DE SERVICIOS,315,De asistencia sanitaria,31502,A Ent y o internacionales,314034.18
61,SERVICIO DE SALUD DE CASTILLA-LA MANCHA,6102,SECRETARIA GENERAL,3,"TASAS, PP.PP. Y OTROS ING",31,PRESTACIÓN DE SERVICIOS,315,De asistencia sanitaria,31503,A Entidades del sistema,7650623.11
61,SERVICIO DE SALUD DE CASTILLA-LA MANCHA,6102,SECRETARIA GENERAL,3,"TASAS, PP.PP. Y OTROS ING",31,PRESTACIÓN DE SERVICIOS,318,Otros precios públicos,31800,Otros precios públicos,10.4
61,SERVICIO DE SALUD DE CASTILLA-LA MANCHA,6102,SECRETARIA GENERAL,3,"TASAS, PP.PP. Y OTROS ING",31,PRESTACIÓN DE SERVICIOS,319,Otros ingresos prest serv,31900,Otros ingresos prest serv,1097.79
61,SERVICIO DE SALUD DE CASTILLA-LA MANCHA,6102,SECRETARIA GENERAL,3,"TASAS, PP.PP. Y OTROS ING",32,TASAS,322,Tasas direc e insp obras,32200,Dirección e inspec. obras,227546.86
61,SERVICIO DE SALUD DE CASTILLA-LA MANCHA,6102,SECRETARIA GENERAL,3,"TASAS, PP.PP. Y OTROS ING",32,TASAS,326,Tasas en materia sanidad,32600,Tasas en materia sanidad,78873.68
61,SERVICIO DE SALUD DE CASTILLA-LA MANCHA,6102,SECRETARIA GENERAL,3,"TASAS, PP.PP. Y OTROS ING",32,TASAS,329,Otras tasas,32900,Otras tasas,57945.36
61,SERVICIO DE SALUD DE CASTILLA-LA MANCHA,6102,SECRETARIA GENERAL,3,"TASAS, PP.PP. Y OTROS ING",38,REINTEGROS OPERACIONES C.,380,De ejercicios cerrados,38000,De ejercicios cerrados,99873.1
61,SERVICIO DE SALUD DE CASTILLA-LA MANCHA,6102,SECRETARIA GENERAL,3,"TASAS, PP.PP. Y OTROS ING",38,REINTEGROS OPERACIONES C.,381,De presupuesto corriente,38100,De presupuesto corriente,116997.76
61,SERVICIO DE SALUD DE CASTILLA-LA MANCHA,6102,SECRETARIA GENERAL,3,"TASAS, PP.PP. Y OTROS ING",39,OTROS INGRESOS,390,Recargos y multas,39000,Recargo de apremio,2717.29
61,SERVICIO DE SALUD DE CASTILLA-LA MANCHA,6102,SECRETARIA GENERAL,3,"TASAS, PP.PP. Y OTROS ING",39,OTROS INGRESOS,390,Recargos y multas,39001,Intereses de demora,2275.36
61,SERVICIO DE SALUD DE CASTILLA-LA MANCHA,6102,SECRETARIA GENERAL,3,"TASAS, PP.PP. Y OTROS ING",39,OTROS INGRESOS,390,Recargos y multas,39002,Multas y sanciones,148.05
61,SERVICIO DE SALUD DE CASTILLA-LA MANCHA,6102,SECRETARIA GENERAL,3,"TASAS, PP.PP. Y OTROS ING",39,OTROS INGRESOS,399,Ingresos diversos,39900,Ingresos diversos,243837.98
61,SERVICIO DE SALUD DE CASTILLA-LA MANCHA,6102,SECRETARIA GENERAL,3,"TASAS, PP.PP. Y OTROS ING",39,OTROS INGRESOS,399,Ingresos diversos,39901,Ingresos por descuentos en facturación,4163849.27
61,SERVICIO DE SALUD DE CASTILLA-LA MANCHA,6102,SECRETARIA GENERAL,4,TRANSFERENCIAS CORRIENTES,40,DE LA JCCM,400,De la JCCM,40001,Formac e invest sanitaria,636838.0
61,SERVICIO DE SALUD DE CASTILLA-LA MANCHA,6102,SECRETARIA GENERAL,4,TRANSFERENCIAS CORRIENTES,43,"DE LA A.E., OO.AA., EE.PP",432,De diversos Ministerios,43200,De diversos Ministerios,47972280.43
61,SERVICIO DE SALUD DE CASTILLA-LA MANCHA,6102,SECRETARIA GENERAL,4,TRANSFERENCIAS CORRIENTES,43,"DE LA A.E., OO.AA., EE.PP",432,De diversos Ministerios,43201,Formac e invest sanitaria,1087892.52
61,SERVICIO DE SALUD DE CASTILLA-LA MANCHA,6102,SECRETARIA GENERAL,4,TRANSFERENCIAS CORRIENTES,43,"DE LA A.E., OO.AA., EE.PP",434,De OO.AA. estatales,43400,De OO.AA. estatales,505035.79
61,SERVICIO DE SALUD DE CASTILLA-LA MANCHA,6102,SECRETARIA GENERAL,4,TRANSFERENCIAS CORRIENTES,43,"DE LA A.E., OO.AA., EE.PP",436,De otros EE.PP. estatales,43600,De otros EE.PP. estatales,558.24
61,SERVICIO DE SALUD DE CASTILLA-LA MANCHA,6102,SECRETARIA GENERAL,4,TRANSFERENCIAS CORRIENTES,46,DE CORPORACIONES LOCALES,461,De diputaciones,46100,De diputaciones,3884717.47
61,SERVICIO DE SALUD DE CASTILLA-LA MANCHA,6102,SECRETARIA GENERAL,4,TRANSFERENCIAS CORRIENTES,47,DE EMPRESAS PRIVADAS,470,De empresas privadas,47000,De empresas privadas,472784.36
61,SERVICIO DE SALUD DE CASTILLA-LA MANCHA,6102,SECRETARIA GENERAL,4,TRANSFERENCIAS CORRIENTES,48,DE FAMILIAS E INSTIT. SFL,480,De familias e instit sfl,48000,De familias e instit sfl,88560.03
61,SERVICIO DE SALUD DE CASTILLA-LA MANCHA,6102,SECRETARIA GENERAL,4,TRANSFERENCIAS CORRIENTES,49,DEL EXTERIOR,499,Otras transferencias,49900,Otras transferencias,111858.62
61,SERVICIO DE SALUD DE CASTILLA-LA MANCHA,6102,SECRETARIA GENERAL,5,INGRESOS PATRIMONIALES,52,INTERESES DE DEPÓSITOS,520,Intereses cuentas bancar,52000,Intereses cuentas bancar,13406.73
61,SERVICIO DE SALUD DE CASTILLA-LA MANCHA,6102,SECRETARIA GENERAL,5,INGRESOS PATRIMONIALES,55,"PRODUCTOS, CONCESIONES",550,Concesiones administrativ,55000,Concesiones administrativ,1069375.96
61,SERVICIO DE SALUD DE CASTILLA-LA MANCHA,6102,SECRETARIA GENERAL,5,INGRESOS PATRIMONIALES,55,"PRODUCTOS, CONCESIONES",559,Otras concesiones y aprov,55900,Otras concesiones y aprov,79058.96
61,SERVICIO DE SALUD DE CASTILLA-LA MANCHA,6102,SECRETARIA GENERAL,6,ENAJENACIÓN INVERSIONES R,68,REINTEGROS O. DE CAPITAL,680,De ejercicios cerrados,68000,De transferencias capital,10.4
61,SERVICIO DE SALUD DE CASTILLA-LA MANCHA,6102,SECRETARIA GENERAL,7,TRANSFERENCIAS DE CAPITAL,73,"DE A.E., OO.AA., EE.PP.",730,FCI,73000,FCI,9482150.0
61,SERVICIO DE SALUD DE CASTILLA-LA MANCHA,6102,SECRETARIA GENERAL,7,TRANSFERENCIAS DE CAPITAL,73,"DE A.E., OO.AA., EE.PP.",732,De diversos Ministerios,73201,Formac e invest sanitaria,110889.32
61,SERVICIO DE SALUD DE CASTILLA-LA MANCHA,6102,SECRETARIA GENERAL,7,TRANSFERENCIAS DE CAPITAL,79,DEL EXTERIOR,790,FEDER,79001,Anticipos reitegrables Ministerio-FEDER,409623.53
61,SERVICIO DE SALUD DE CASTILLA-LA MANCHA,6102,SECRETARIA GENERAL,8,ACTIVOS FINANCIEROS,82,REINTEGRO DE PRÉSTAMOS,820,A corto plazo,82000,A personal funcionario,22521.39
61,SERVICIO DE SALUD DE CASTILLA-LA MANCHA,6102,SECRETARIA GENERAL,8,ACTIVOS FINANCIEROS,82,REINTEGRO DE PRÉSTAMOS,820,A corto plazo,82001,A personal laboral,382529.96
61,SERVICIO DE SALUD DE CASTILLA-LA MANCHA,6102,SECRETARIA GENERAL,8,ACTIVOS FINANCIEROS,82,REINTEGRO DE PRÉSTAMOS,821,A largo plazo,82100,A personal funcionario,46964.44
61,SERVICIO DE SALUD DE CASTILLA-LA MANCHA,6102,SECRETARIA GENERAL,8,ACTIVOS FINANCIEROS,82,REINTEGRO DE PRÉSTAMOS,821,A largo plazo,82101,A personal laboral,4944.36
61,SERVICIO DE SALUD DE CASTILLA-LA MANCHA,6102,SECRETARIA GENERAL,8,ACTIVOS FINANCIEROS,83,REINEGRO DE DEPÓSITOS,831,Reintegro de fianzas,83100,Reintegro de fianzas,737.31
#Resultado,,,,,,,,,,,,8062786805.53
