#Sección,Des. Sección,O. Gestor,Des. O. Gestor,Centro Gestor,Des. C. Gestor,Capítulo,Des. Capítulo,Artículo,Des. Artículo,Concepto,Des. Concepto,Subconcepto,Des. Subconcepto,Pos. Presupuestaria,Fondo,Des. Fondo,Presupuesto 2014
50,INSTITUTO DE LA VID Y EL VINO,5001,INSTITUTO DE LA VID Y EL VINO DE C-LM,50010000,INSTITUTO DE LA VID Y EL VINO DE C-LM,3,"TASAS, PRECIOS PÚBLICOS Y OTROS INGRESOS",31,PRESTACIÓN DE SERVICIOS Y PRECIOS PÚBLICOS,319,Otros ingresos por prestación de servicios,31900,Otros ingresos por prestación de servicios,I/31900,,,100000
50,INSTITUTO DE LA VID Y EL VINO,5001,INSTITUTO DE LA VID Y EL VINO DE C-LM,50010000,INSTITUTO DE LA VID Y EL VINO DE C-LM,3,"TASAS, PRECIOS PÚBLICOS Y OTROS INGRESOS",32,TASAS,323,Tasas en materia de agricultura y medio ambiente,32300,Tasas en materia de agricultura,I/32300,,,561920
50,INSTITUTO DE LA VID Y EL VINO,5001,INSTITUTO DE LA VID Y EL VINO DE C-LM,50010000,INSTITUTO DE LA VID Y EL VINO DE C-LM,3,"TASAS, PRECIOS PÚBLICOS Y OTROS INGRESOS",39,OTROS INGRESOS,399,Ingresos diversos,39900,Ingresos diversos,I/39900,,,9000
50,INSTITUTO DE LA VID Y EL VINO,5001,INSTITUTO DE LA VID Y EL VINO DE C-LM,50010000,INSTITUTO DE LA VID Y EL VINO DE C-LM,5,INGRESOS PATRIMONIALES,52,INTERESES DE DEPÓSITOS,520,Intereses de cuentas bancarias,52000,Intereses de cuentas bancarias,I/52000,,,15000
50,INSTITUTO DE LA VID Y EL VINO,5001,INSTITUTO DE LA VID Y EL VINO DE C-LM,50010000,INSTITUTO DE LA VID Y EL VINO DE C-LM,5,INGRESOS PATRIMONIALES,55,"PRODUCTOS, CONCESIONES Y APROVECHAMIENTOS ESPECIAL",550,De concesiones administrativas,55000,De concesiones administrativas,I/55000,,,900
50,INSTITUTO DE LA VID Y EL VINO,5001,INSTITUTO DE LA VID Y EL VINO DE C-LM,50010000,INSTITUTO DE LA VID Y EL VINO DE C-LM,8,ACTIVOS FINANCIEROS,82,REINTEGRO DE PRÉSTAMOS CONCEDIDOS,820,A corto plazo,82000,A personal funcionario y no laboral,I/82000,,,10390
50,INSTITUTO DE LA VID Y EL VINO,5001,INSTITUTO DE LA VID Y EL VINO DE C-LM,50010000,INSTITUTO DE LA VID Y EL VINO DE C-LM,8,ACTIVOS FINANCIEROS,82,REINTEGRO DE PRÉSTAMOS CONCEDIDOS,820,A corto plazo,82001,A personal laboral,I/82001,,,10460
04,CONSEJO CONSULTIVO,0401,CONSEJO CONSULTIVO,04010000,CONSEJO CONSULTIVO,8,ACTIVOS FINANCIEROS,82,REINTEGRO DE PRÉSTAMOS CONCEDIDOS,821,A largo plazo,82100,A personal funcionario y no laboral,I/82100,,,6130
04,CONSEJO CONSULTIVO,0401,CONSEJO CONSULTIVO,04010000,CONSEJO CONSULTIVO,8,ACTIVOS FINANCIEROS,82,REINTEGRO DE PRÉSTAMOS CONCEDIDOS,821,A largo plazo,82101,A personal laboral,I/82101,,,1840
06,DEUDA PÚBLICA,0601,DEUDA PÚBLICA,06010000,DEUDA PÚBLICA,3,"TASAS, PRECIOS PÚBLICOS Y OTROS INGRESOS",39,OTROS INGRESOS,399,Ingresos diversos,39900,Ingresos diversos,I/39900,,,6950000
06,DEUDA PÚBLICA,0601,DEUDA PÚBLICA,06010000,DEUDA PÚBLICA,9,PASIVOS FINANCIEROS,90,EMISIÓN DE DEUDA PÚBLICA,901,Emisión de Deuda a largo plazo,90100,Emisión de Deuda a largo plazo,I/90100,,,183500000
06,DEUDA PÚBLICA,0601,DEUDA PÚBLICA,06010000,DEUDA PÚBLICA,9,PASIVOS FINANCIEROS,91,PRÉSTAMOS EN MONEDA NACIONAL,911,Préstamos recibidos a largo plazo,91100,Préstamos recibidos a l/p de entes fuera s.p.,I/91100,,,1294581450
06,DEUDA PÚBLICA,0601,DEUDA PÚBLICA,06010000,DEUDA PÚBLICA,9,PASIVOS FINANCIEROS,91,PRÉSTAMOS EN MONEDA NACIONAL,911,Préstamos recibidos a largo plazo,91101,Préstamos recibidos a l/p de entes dentro s.p.,I/91101,,,367542290
11,PRESIDENCIA DE LA JUNTA,1104,SECRETARÍA GENERAL DE LA PRESIDENCIA Y A. PÚBLICAS,11040000,SECRETARÍA GENERAL DE LA PRESIDENCIA Y A. PÚBLICAS,3,"TASAS, PRECIOS PÚBLICOS Y OTROS INGRESOS",30,VENTA DE BIENES,300,Venta de publicaciones,30000,Venta de publicaciones,I/30000,,,1000
11,PRESIDENCIA DE LA JUNTA,1104,SECRETARÍA GENERAL DE LA PRESIDENCIA Y A. PÚBLICAS,11040000,SECRETARÍA GENERAL DE LA PRESIDENCIA Y A. PÚBLICAS,3,"TASAS, PRECIOS PÚBLICOS Y OTROS INGRESOS",32,TASAS,322,Tasas por dirección e inspección de obras,32200,Tasas por dirección e inspección de obras,I/32200,,,1000
11,PRESIDENCIA DE LA JUNTA,1104,SECRETARÍA GENERAL DE LA PRESIDENCIA Y A. PÚBLICAS,11040000,SECRETARÍA GENERAL DE LA PRESIDENCIA Y A. PÚBLICAS,3,"TASAS, PRECIOS PÚBLICOS Y OTROS INGRESOS",32,TASAS,329,Otras tasas,32900,Otras tasas,I/32900,,,439900
11,PRESIDENCIA DE LA JUNTA,1104,SECRETARÍA GENERAL DE LA PRESIDENCIA Y A. PÚBLICAS,11040000,SECRETARÍA GENERAL DE LA PRESIDENCIA Y A. PÚBLICAS,3,"TASAS, PRECIOS PÚBLICOS Y OTROS INGRESOS",38,REINTEGROS DE OPERACIONES CORRIENTES,380,De ejercicios cerrados,38000,De ejercicios cerrados,I/38000,,,50000
11,PRESIDENCIA DE LA JUNTA,1104,SECRETARÍA GENERAL DE LA PRESIDENCIA Y A. PÚBLICAS,11040000,SECRETARÍA GENERAL DE LA PRESIDENCIA Y A. PÚBLICAS,3,"TASAS, PRECIOS PÚBLICOS Y OTROS INGRESOS",38,REINTEGROS DE OPERACIONES CORRIENTES,381,De presupuesto corriente,38100,De presupuesto corriente,I/38100,,,20000
11,PRESIDENCIA DE LA JUNTA,1104,SECRETARÍA GENERAL DE LA PRESIDENCIA Y A. PÚBLICAS,11040000,SECRETARÍA GENERAL DE LA PRESIDENCIA Y A. PÚBLICAS,3,"TASAS, PRECIOS PÚBLICOS Y OTROS INGRESOS",39,OTROS INGRESOS,390,Recargos y multas,39000,Recargo de apremio,I/39000,,,20000
11,PRESIDENCIA DE LA JUNTA,1104,SECRETARÍA GENERAL DE LA PRESIDENCIA Y A. PÚBLICAS,11040000,SECRETARÍA GENERAL DE LA PRESIDENCIA Y A. PÚBLICAS,3,"TASAS, PRECIOS PÚBLICOS Y OTROS INGRESOS",39,OTROS INGRESOS,390,Recargos y multas,39001,Intereses de demora,I/39001,,,5000
11,PRESIDENCIA DE LA JUNTA,1104,SECRETARÍA GENERAL DE LA PRESIDENCIA Y A. PÚBLICAS,11040000,SECRETARÍA GENERAL DE LA PRESIDENCIA Y A. PÚBLICAS,3,"TASAS, PRECIOS PÚBLICOS Y OTROS INGRESOS",39,OTROS INGRESOS,390,Recargos y multas,39002,Multas y sanciones,I/39002,,,350000
11,PRESIDENCIA DE LA JUNTA,1104,SECRETARÍA GENERAL DE LA PRESIDENCIA Y A. PÚBLICAS,11040000,SECRETARÍA GENERAL DE LA PRESIDENCIA Y A. PÚBLICAS,3,"TASAS, PRECIOS PÚBLICOS Y OTROS INGRESOS",39,OTROS INGRESOS,399,Ingresos diversos,39900,Ingresos diversos,I/39900,,,75000
11,PRESIDENCIA DE LA JUNTA,1104,SECRETARÍA GENERAL DE LA PRESIDENCIA Y A. PÚBLICAS,11040000,SECRETARÍA GENERAL DE LA PRESIDENCIA Y A. PÚBLICAS,4,TRANSFERENCIAS CORRIENTES,43,"DE LA A.E. OO.AA., EE.PP. Y OTROS ENTES PÚBLICOS",434,De organismos autónomos estatales,43400,De organismos autónomos estatales,I/43400,0000000791,Formación contínua INAP. OO.AA.EE,800000
11,PRESIDENCIA DE LA JUNTA,1104,SECRETARÍA GENERAL DE LA PRESIDENCIA Y A. PÚBLICAS,11040000,SECRETARÍA GENERAL DE LA PRESIDENCIA Y A. PÚBLICAS,5,INGRESOS PATRIMONIALES,52,INTERESES DE DEPÓSITOS,520,Intereses de cuentas bancarias,52000,Intereses de cuentas bancarias,I/52000,,,3000
11,PRESIDENCIA DE LA JUNTA,1104,SECRETARÍA GENERAL DE LA PRESIDENCIA Y A. PÚBLICAS,11040000,SECRETARÍA GENERAL DE LA PRESIDENCIA Y A. PÚBLICAS,8,ACTIVOS FINANCIEROS,82,REINTEGRO DE PRÉSTAMOS CONCEDIDOS,820,A corto plazo,82000,A personal funcionario y no laboral,I/82000,,,36000
11,PRESIDENCIA DE LA JUNTA,1104,SECRETARÍA GENERAL DE LA PRESIDENCIA Y A. PÚBLICAS,11040000,SECRETARÍA GENERAL DE LA PRESIDENCIA Y A. PÚBLICAS,8,ACTIVOS FINANCIEROS,82,REINTEGRO DE PRÉSTAMOS CONCEDIDOS,820,A corto plazo,82001,A personal laboral,I/82001,,,25100
11,PRESIDENCIA DE LA JUNTA,1104,SECRETARÍA GENERAL DE LA PRESIDENCIA Y A. PÚBLICAS,11040000,SECRETARÍA GENERAL DE LA PRESIDENCIA Y A. PÚBLICAS,8,ACTIVOS FINANCIEROS,82,REINTEGRO DE PRÉSTAMOS CONCEDIDOS,821,A largo plazo,82100,A personal funcionario y no laboral,I/82100,,,47200
11,PRESIDENCIA DE LA JUNTA,1104,SECRETARÍA GENERAL DE LA PRESIDENCIA Y A. PÚBLICAS,11040000,SECRETARÍA GENERAL DE LA PRESIDENCIA Y A. PÚBLICAS,8,ACTIVOS FINANCIEROS,82,REINTEGRO DE PRÉSTAMOS CONCEDIDOS,821,A largo plazo,82101,A personal laboral,I/82101,,,17600
15,HACIENDA,1502,SECRETARÍA GENERAL,15020000,SECRETARÍA GENERAL,1,IMPUESTOS DIRECTOS,10,SOBRE LA RENTA,100,Impuesto sobre la Renta de las Personas Físicas,10000,Tramo autonómico Impuesto Renta Personas Físicas,I/10000,,,1066780000
15,HACIENDA,1502,SECRETARÍA GENERAL,15020000,SECRETARÍA GENERAL,1,IMPUESTOS DIRECTOS,10,SOBRE LA RENTA,100,Impuesto sobre la Renta de las Personas Físicas,10001,IRPF. Liquidación de ejercicios anteriores,I/10001,,,-81660310
15,HACIENDA,1502,SECRETARÍA GENERAL,15020000,SECRETARÍA GENERAL,1,IMPUESTOS DIRECTOS,11,SOBRE EL CAPITAL,110,Impuesto sobre sucesiones y donaciones,11001,Impuesto sobre sucesiones,I/11001,,,74880650
15,HACIENDA,1502,SECRETARÍA GENERAL,15020000,SECRETARÍA GENERAL,1,IMPUESTOS DIRECTOS,11,SOBRE EL CAPITAL,110,Impuesto sobre sucesiones y donaciones,11002,Impuesto sobre donaciones,I/11002,,,12555090
15,HACIENDA,1502,SECRETARÍA GENERAL,15020000,SECRETARÍA GENERAL,1,IMPUESTOS DIRECTOS,11,SOBRE EL CAPITAL,111,Impuesto sobre el patrimonio,11100,Impuesto sobre el patrimonio,I/11100,,,17974010
15,HACIENDA,1502,SECRETARÍA GENERAL,15020000,SECRETARÍA GENERAL,2,IMPUESTOS INDIRECTOS,20,TRANSMISIONES PATRIMONIALES Y ACTOS JURÍDICOS D.,200,Sobre transmisiones intervivos,20001,Transmisiones patrimoniales onerosas,I/20001,,,200502310
15,HACIENDA,1502,SECRETARÍA GENERAL,15020000,SECRETARÍA GENERAL,2,IMPUESTOS INDIRECTOS,20,TRANSMISIONES PATRIMONIALES Y ACTOS JURÍDICOS D.,200,Sobre transmisiones intervivos,20002,Operaciones societarias,I/20002,,,837770
15,HACIENDA,1502,SECRETARÍA GENERAL,15020000,SECRETARÍA GENERAL,2,IMPUESTOS INDIRECTOS,20,TRANSMISIONES PATRIMONIALES Y ACTOS JURÍDICOS D.,201,Sobre actos jurídicos documentados,20100,Sobre actos jurídicos documentados,I/20100,,,120426970
15,HACIENDA,1502,SECRETARÍA GENERAL,15020000,SECRETARÍA GENERAL,2,IMPUESTOS INDIRECTOS,21,SOBRE EL JUEGO (EXTINGUIDO),211,Impuesto sobre las actividades del juego,21100,Impuesto sobre las actividades del juego,I/21100,,,2744920
15,HACIENDA,1502,SECRETARÍA GENERAL,15020000,SECRETARÍA GENERAL,2,IMPUESTOS INDIRECTOS,22,SOBRE CONSUMOS ESPECÍFICOS,220,Impuestos especiales,22000,Sobre determinados medios de transporte,I/22000,,,6672000
15,HACIENDA,1502,SECRETARÍA GENERAL,15020000,SECRETARÍA GENERAL,2,IMPUESTOS INDIRECTOS,22,SOBRE CONSUMOS ESPECÍFICOS,220,Impuestos especiales,22001,Impuesto especial sobre la cerveza,I/22001,,,6350000
15,HACIENDA,1502,SECRETARÍA GENERAL,15020000,SECRETARÍA GENERAL,2,IMPUESTOS INDIRECTOS,22,SOBRE CONSUMOS ESPECÍFICOS,220,Impuestos especiales,22003,Impuesto especial sobre productos intermedios,I/22003,,,370000
15,HACIENDA,1502,SECRETARÍA GENERAL,15020000,SECRETARÍA GENERAL,2,IMPUESTOS INDIRECTOS,22,SOBRE CONSUMOS ESPECÍFICOS,220,Impuestos especiales,22004,Imp. especial sobre el alcohol y bebidas derivadas,I/22004,,,15880000
15,HACIENDA,1502,SECRETARÍA GENERAL,15020000,SECRETARÍA GENERAL,2,IMPUESTOS INDIRECTOS,22,SOBRE CONSUMOS ESPECÍFICOS,220,Impuestos especiales,22005,Impuesto especial sobre hidrocarburos,I/22005,,,376840000
15,HACIENDA,1502,SECRETARÍA GENERAL,15020000,SECRETARÍA GENERAL,2,IMPUESTOS INDIRECTOS,22,SOBRE CONSUMOS ESPECÍFICOS,220,Impuestos especiales,22006,Impuesto especial sobre las labores del tabaco,I/22006,,,213430000
15,HACIENDA,1502,SECRETARÍA GENERAL,15020000,SECRETARÍA GENERAL,2,IMPUESTOS INDIRECTOS,22,SOBRE CONSUMOS ESPECÍFICOS,220,Impuestos especiales,22007,Impuesto especial sobre la electricidad,I/22007,,,82530000
15,HACIENDA,1502,SECRETARÍA GENERAL,15020000,SECRETARÍA GENERAL,2,IMPUESTOS INDIRECTOS,22,SOBRE CONSUMOS ESPECÍFICOS,220,Impuestos especiales,22009,Tipo autonómico del impuesto especial sobre hidroc,I/22009,,,72002990
15,HACIENDA,1502,SECRETARÍA GENERAL,15020000,SECRETARÍA GENERAL,2,IMPUESTOS INDIRECTOS,22,SOBRE CONSUMOS ESPECÍFICOS,220,Impuestos especiales,22011,Imp. esp sobre la cerveza. Liq ejercicios anterior,I/22011,,,520550
15,HACIENDA,1502,SECRETARÍA GENERAL,15020000,SECRETARÍA GENERAL,2,IMPUESTOS INDIRECTOS,22,SOBRE CONSUMOS ESPECÍFICOS,220,Impuestos especiales,22013,Imp. especial sobre productos interm. Liq ejer ant,I/22013,,,55930
15,HACIENDA,1502,SECRETARÍA GENERAL,15020000,SECRETARÍA GENERAL,2,IMPUESTOS INDIRECTOS,22,SOBRE CONSUMOS ESPECÍFICOS,220,Impuestos especiales,22014,Imp. esp s alcohol y beb deri. Liq ejerc anteriore,I/22014,,,1792520
15,HACIENDA,1502,SECRETARÍA GENERAL,15020000,SECRETARÍA GENERAL,2,IMPUESTOS INDIRECTOS,22,SOBRE CONSUMOS ESPECÍFICOS,220,Impuestos especiales,22015,Imp. esp sobre hidrocarburos. Liq ejer anteriores,I/22015,,,-24291580
15,HACIENDA,1502,SECRETARÍA GENERAL,15020000,SECRETARÍA GENERAL,2,IMPUESTOS INDIRECTOS,22,SOBRE CONSUMOS ESPECÍFICOS,220,Impuestos especiales,22016,Imp especial s las labores del tabaco. Liqu eje an,I/22016,,,12521700
15,HACIENDA,1502,SECRETARÍA GENERAL,15020000,SECRETARÍA GENERAL,2,IMPUESTOS INDIRECTOS,22,SOBRE CONSUMOS ESPECÍFICOS,220,Impuestos especiales,22017,Imp esp sobre la electricidad. Liq de ejer anterio,I/22017,,,5418120
15,HACIENDA,1502,SECRETARÍA GENERAL,15020000,SECRETARÍA GENERAL,2,IMPUESTOS INDIRECTOS,23,SOBRE EL VALOR AÑADIDO,230,Impuesto sobre el valor añadido,23000,Impuesto sobre el valor añadido,I/23000,,,1181830000
15,HACIENDA,1502,SECRETARÍA GENERAL,15020000,SECRETARÍA GENERAL,2,IMPUESTOS INDIRECTOS,23,SOBRE EL VALOR AÑADIDO,230,Impuesto sobre el valor añadido,23001,IVA. Liquidación de ejercicios anteriores,I/23001,,,122289380
15,HACIENDA,1502,SECRETARÍA GENERAL,15020000,SECRETARÍA GENERAL,2,IMPUESTOS INDIRECTOS,24,IMPUESTOS MEDIOAMBIENTALES,240,Impuestos sobre actividades que inciden en el M.A,24000,Impuestos sobre actividades que inciden en el M.A,I/24000,,,27628760
15,HACIENDA,1502,SECRETARÍA GENERAL,15020000,SECRETARÍA GENERAL,3,"TASAS, PRECIOS PÚBLICOS Y OTROS INGRESOS",30,VENTA DE BIENES,302,Venta de impresos de autoliquidación,30200,Venta de impresos de autoliquidación,I/30200,,,17680
15,HACIENDA,1502,SECRETARÍA GENERAL,15020000,SECRETARÍA GENERAL,3,"TASAS, PRECIOS PÚBLICOS Y OTROS INGRESOS",30,VENTA DE BIENES,303,Venta de cartones del bingo,30300,Venta de cartones del bingo,I/30300,,,64730
15,HACIENDA,1502,SECRETARÍA GENERAL,15020000,SECRETARÍA GENERAL,3,"TASAS, PRECIOS PÚBLICOS Y OTROS INGRESOS",32,TASAS,320,Tasas sobre el juego,32000,Tasa estatal sobre el juego: bingo,I/32000,,,3402000
15,HACIENDA,1502,SECRETARÍA GENERAL,15020000,SECRETARÍA GENERAL,3,"TASAS, PRECIOS PÚBLICOS Y OTROS INGRESOS",32,TASAS,320,Tasas sobre el juego,32001,Tasa estatal sobre el juego: máquinas recreativas,I/32001,,,34058500
15,HACIENDA,1502,SECRETARÍA GENERAL,15020000,SECRETARÍA GENERAL,3,"TASAS, PRECIOS PÚBLICOS Y OTROS INGRESOS",32,TASAS,321,"Tasa estatal rifas, tómbolas y combinac aleatorias",32100,"Tasa estatal rifas, tómbolas y combinac aleatorias",I/32100,,,8310
15,HACIENDA,1502,SECRETARÍA GENERAL,15020000,SECRETARÍA GENERAL,3,"TASAS, PRECIOS PÚBLICOS Y OTROS INGRESOS",39,OTROS INGRESOS,390,Recargos y multas,39000,Recargo de apremio,I/39000,,,1133510
15,HACIENDA,1502,SECRETARÍA GENERAL,15020000,SECRETARÍA GENERAL,3,"TASAS, PRECIOS PÚBLICOS Y OTROS INGRESOS",39,OTROS INGRESOS,390,Recargos y multas,39001,Intereses de demora,I/39001,,,810840
15,HACIENDA,1502,SECRETARÍA GENERAL,15020000,SECRETARÍA GENERAL,3,"TASAS, PRECIOS PÚBLICOS Y OTROS INGRESOS",39,OTROS INGRESOS,390,Recargos y multas,39002,Multas y sanciones,I/39002,,,5075120
15,HACIENDA,1502,SECRETARÍA GENERAL,15020000,SECRETARÍA GENERAL,4,TRANSFERENCIAS CORRIENTES,43,"DE LA A.E. OO.AA., EE.PP. Y OTROS ENTES PÚBLICOS",430,Fondo de suficiencia,43000,Fondo de suficiencia global,I/43000,,,89500000
15,HACIENDA,1502,SECRETARÍA GENERAL,15020000,SECRETARÍA GENERAL,4,TRANSFERENCIAS CORRIENTES,43,"DE LA A.E. OO.AA., EE.PP. Y OTROS ENTES PÚBLICOS",430,Fondo de suficiencia,43002,Fondo de garantía servicios públicos fundamentales,I/43002,,,1003690000
15,HACIENDA,1502,SECRETARÍA GENERAL,15020000,SECRETARÍA GENERAL,4,TRANSFERENCIAS CORRIENTES,43,"DE LA A.E. OO.AA., EE.PP. Y OTROS ENTES PÚBLICOS",430,Fondo de suficiencia,43010,Fondos de Sufic global. Liquidaci ejer anteriores,I/43010,,,-277400000
15,HACIENDA,1502,SECRETARÍA GENERAL,15020000,SECRETARÍA GENERAL,4,TRANSFERENCIAS CORRIENTES,43,"DE LA A.E. OO.AA., EE.PP. Y OTROS ENTES PÚBLICOS",430,Fondo de suficiencia,43012,Fondo garantía de Ser Pbc Funda. Liq ejer anterior,I/43012,,,-23120000
15,HACIENDA,1502,SECRETARÍA GENERAL,15020000,SECRETARÍA GENERAL,4,TRANSFERENCIAS CORRIENTES,43,"DE LA A.E. OO.AA., EE.PP. Y OTROS ENTES PÚBLICOS",430,Fondo de suficiencia,43014,Fondo de Cooperación. Liquidación ejer anteriores,I/43014,,,89740000
15,HACIENDA,1502,SECRETARÍA GENERAL,15020000,SECRETARÍA GENERAL,5,INGRESOS PATRIMONIALES,52,INTERESES DE DEPÓSITOS,520,Intereses de cuentas bancarias,52000,Intereses de cuentas bancarias,I/52000,,,300000
15,HACIENDA,1502,SECRETARÍA GENERAL,15020000,SECRETARÍA GENERAL,5,INGRESOS PATRIMONIALES,54,RENTA DE BIENES INMUEBLES,540,Alquileres y productos de inmuebles,54000,Alquileres y productos de inmuebles,I/54000,,,30000
15,HACIENDA,1502,SECRETARÍA GENERAL,15020000,SECRETARÍA GENERAL,5,INGRESOS PATRIMONIALES,59,OTROS INGRESOS PATRIMONIALES,590,Otros ingresos patrimoniales,59000,Otros ingresos patrimoniales,I/59000,,,770000
15,HACIENDA,1502,SECRETARÍA GENERAL,15020000,SECRETARÍA GENERAL,6,ENAJENACIÓN DE INVERSIONES REALES,60,DE TERRENOS,600,Venta de solares de naturaleza urbana,60000,Venta de solares de naturaleza urbana,I/60000,,,1976530
15,HACIENDA,1502,SECRETARÍA GENERAL,15020000,SECRETARÍA GENERAL,6,ENAJENACIÓN DE INVERSIONES REALES,61,DE LAS DEMÁS INVERSIONES REALES,619,Venta de otras inversiones reales,61900,Venta de otras inversiones reales,I/61900,,,20885880
15,HACIENDA,1502,SECRETARÍA GENERAL,15020000,SECRETARÍA GENERAL,8,ACTIVOS FINANCIEROS,82,REINTEGRO DE PRÉSTAMOS CONCEDIDOS,820,A corto plazo,82000,A personal funcionario y no laboral,I/82000,,,22500
15,HACIENDA,1502,SECRETARÍA GENERAL,15020000,SECRETARÍA GENERAL,8,ACTIVOS FINANCIEROS,82,REINTEGRO DE PRÉSTAMOS CONCEDIDOS,820,A corto plazo,82001,A personal laboral,I/82001,,,1500
15,HACIENDA,1502,SECRETARÍA GENERAL,15020000,SECRETARÍA GENERAL,8,ACTIVOS FINANCIEROS,82,REINTEGRO DE PRÉSTAMOS CONCEDIDOS,821,A largo plazo,82100,A personal funcionario y no laboral,I/82100,,,74000
15,HACIENDA,1502,SECRETARÍA GENERAL,15020000,SECRETARÍA GENERAL,8,ACTIVOS FINANCIEROS,82,REINTEGRO DE PRÉSTAMOS CONCEDIDOS,821,A largo plazo,82101,A personal laboral,I/82101,,,2000
17,FOMENTO,1702,SECRETARÍA GENERAL,17020000,SECRETARÍA GENERAL,2,IMPUESTOS INDIRECTOS,24,IMPUESTOS MEDIOAMBIENTALES,241,I.actividad gener efectos adverso sobre M.Ambiente,24100,Canon eólico,I/24100,,,7808000
17,FOMENTO,1702,SECRETARÍA GENERAL,17020000,SECRETARÍA GENERAL,2,IMPUESTOS INDIRECTOS,24,IMPUESTOS MEDIOAMBIENTALES,241,I.actividad gener efectos adverso sobre M.Ambiente,24100,Canon eólico,I/24100,0000000697,Desarrollo tecnológico energía renovable,4392000
17,FOMENTO,1702,SECRETARÍA GENERAL,17020000,SECRETARÍA GENERAL,3,"TASAS, PRECIOS PÚBLICOS Y OTROS INGRESOS",32,TASAS,322,Tasas por dirección e inspección de obras,32200,Tasas por dirección e inspección de obras,I/32200,,,906530
17,FOMENTO,1702,SECRETARÍA GENERAL,17020000,SECRETARÍA GENERAL,3,"TASAS, PRECIOS PÚBLICOS Y OTROS INGRESOS",32,TASAS,324,"Tasas en materia de industria, energía y comercio",32400,Tasas en materia de industria y energía,I/32400,,,3785000
17,FOMENTO,1702,SECRETARÍA GENERAL,17020000,SECRETARÍA GENERAL,3,"TASAS, PRECIOS PÚBLICOS Y OTROS INGRESOS",32,TASAS,325,"Tasas en materia en oo.pp.,trans, urban y vivienda",32500,Tasas en materia de obras públicas y transporte,I/32500,,,1547460
17,FOMENTO,1702,SECRETARÍA GENERAL,17020000,SECRETARÍA GENERAL,3,"TASAS, PRECIOS PÚBLICOS Y OTROS INGRESOS",32,TASAS,325,"Tasas en materia en oo.pp.,trans, urban y vivienda",32501,Tasas en materia de vivienda y urbanismo,I/32501,,,82900
17,FOMENTO,1702,SECRETARÍA GENERAL,17020000,SECRETARÍA GENERAL,3,"TASAS, PRECIOS PÚBLICOS Y OTROS INGRESOS",32,TASAS,329,Otras tasas,32900,Otras tasas,I/32900,,,388100
17,FOMENTO,1702,SECRETARÍA GENERAL,17020000,SECRETARÍA GENERAL,3,"TASAS, PRECIOS PÚBLICOS Y OTROS INGRESOS",38,REINTEGROS DE OPERACIONES CORRIENTES,380,De ejercicios cerrados,38000,De ejercicios cerrados,I/38000,,,106620
17,FOMENTO,1702,SECRETARÍA GENERAL,17020000,SECRETARÍA GENERAL,3,"TASAS, PRECIOS PÚBLICOS Y OTROS INGRESOS",38,REINTEGROS DE OPERACIONES CORRIENTES,381,De presupuesto corriente,38100,De presupuesto corriente,I/38100,,,28460
17,FOMENTO,1702,SECRETARÍA GENERAL,17020000,SECRETARÍA GENERAL,3,"TASAS, PRECIOS PÚBLICOS Y OTROS INGRESOS",39,OTROS INGRESOS,390,Recargos y multas,39000,Recargo de apremio,I/39000,,,484900
17,FOMENTO,1702,SECRETARÍA GENERAL,17020000,SECRETARÍA GENERAL,3,"TASAS, PRECIOS PÚBLICOS Y OTROS INGRESOS",39,OTROS INGRESOS,390,Recargos y multas,39001,Intereses de demora,I/39001,,,89900
17,FOMENTO,1702,SECRETARÍA GENERAL,17020000,SECRETARÍA GENERAL,3,"TASAS, PRECIOS PÚBLICOS Y OTROS INGRESOS",39,OTROS INGRESOS,390,Recargos y multas,39002,Multas y sanciones,I/39002,,,10669200
17,FOMENTO,1702,SECRETARÍA GENERAL,17020000,SECRETARÍA GENERAL,3,"TASAS, PRECIOS PÚBLICOS Y OTROS INGRESOS",39,OTROS INGRESOS,390,Recargos y multas,39009,Otros,I/39009,0000000698,Actividades mineras,300000
17,FOMENTO,1702,SECRETARÍA GENERAL,17020000,SECRETARÍA GENERAL,3,"TASAS, PRECIOS PÚBLICOS Y OTROS INGRESOS",39,OTROS INGRESOS,399,Ingresos diversos,39900,Ingresos diversos,I/39900,,,180000
17,FOMENTO,1702,SECRETARÍA GENERAL,17020000,SECRETARÍA GENERAL,4,TRANSFERENCIAS CORRIENTES,43,"DE LA A.E. OO.AA., EE.PP. Y OTROS ENTES PÚBLICOS",432,De diversos Ministerios,43200,De diversos Ministerios,I/43200,0000000025,VI Plan Vivienda 2013-2016. AGE,905900
17,FOMENTO,1702,SECRETARÍA GENERAL,17020000,SECRETARÍA GENERAL,4,TRANSFERENCIAS CORRIENTES,46,DE CORPORACIONES LOCALES,460,De ayuntamientos,46000,De ayuntamientos,I/46000,,,477500
17,FOMENTO,1702,SECRETARÍA GENERAL,17020000,SECRETARÍA GENERAL,5,INGRESOS PATRIMONIALES,51,INTERESES DE ANTICIPOS Y PRÉSTAMOS CONCEDIDOS,511,Intereses de anticipos y préstamos concedidos l/p,51100,Intereses de anticipos y préstamos concedidos l/p,I/51100,,,19560
17,FOMENTO,1702,SECRETARÍA GENERAL,17020000,SECRETARÍA GENERAL,5,INGRESOS PATRIMONIALES,52,INTERESES DE DEPÓSITOS,520,Intereses de cuentas bancarias,52000,Intereses de cuentas bancarias,I/52000,,,6300
17,FOMENTO,1702,SECRETARÍA GENERAL,17020000,SECRETARÍA GENERAL,5,INGRESOS PATRIMONIALES,54,RENTA DE BIENES INMUEBLES,540,Alquileres y productos de inmuebles,54000,Alquileres y productos de inmuebles,I/54000,,,3123320
17,FOMENTO,1702,SECRETARÍA GENERAL,17020000,SECRETARÍA GENERAL,6,ENAJENACIÓN DE INVERSIONES REALES,60,DE TERRENOS,600,Venta de solares de naturaleza urbana,60000,Venta de solares de naturaleza urbana,I/60000,,,1611880
17,FOMENTO,1702,SECRETARÍA GENERAL,17020000,SECRETARÍA GENERAL,6,ENAJENACIÓN DE INVERSIONES REALES,60,DE TERRENOS,601,Venta de suelo para construcción de VPO,60100,Venta de suelo para construcción de VPO,I/60100,,,300000
17,FOMENTO,1702,SECRETARÍA GENERAL,17020000,SECRETARÍA GENERAL,6,ENAJENACIÓN DE INVERSIONES REALES,60,DE TERRENOS,603,Venta de terrenos no urbanos,60300,Venta de terrenos no urbanos,I/60300,,,300000
17,FOMENTO,1702,SECRETARÍA GENERAL,17020000,SECRETARÍA GENERAL,6,ENAJENACIÓN DE INVERSIONES REALES,61,DE LAS DEMÁS INVERSIONES REALES,610,Venta de viviendas,61000,Venta de viviendas,I/61000,,,6715000
17,FOMENTO,1702,SECRETARÍA GENERAL,17020000,SECRETARÍA GENERAL,6,ENAJENACIÓN DE INVERSIONES REALES,61,DE LAS DEMÁS INVERSIONES REALES,611,Venta de garajes y locales,61100,Venta de garajes y locales,I/61100,,,504700
17,FOMENTO,1702,SECRETARÍA GENERAL,17020000,SECRETARÍA GENERAL,6,ENAJENACIÓN DE INVERSIONES REALES,68,REINTEGROS POR OPERACIONES DE CAPITAL,680,De ejercicios cerrados,68000,De transferencias de capital,I/68000,,,170000
17,FOMENTO,1702,SECRETARÍA GENERAL,17020000,SECRETARÍA GENERAL,6,ENAJENACIÓN DE INVERSIONES REALES,68,REINTEGROS POR OPERACIONES DE CAPITAL,680,De ejercicios cerrados,68001,De inversiones reales,I/68001,,,36000
17,FOMENTO,1702,SECRETARÍA GENERAL,17020000,SECRETARÍA GENERAL,7,TRANSFERENCIAS DE CAPITAL,73,"DE LA A.E., OO.AA., EE.PP. Y OTROS EE.PP. ESTATALE",730,Fondo de compensación interterritorial,73000,Fondo de compensación interterritorial,I/73000,,,23009940
17,FOMENTO,1702,SECRETARÍA GENERAL,17020000,SECRETARÍA GENERAL,7,TRANSFERENCIAS DE CAPITAL,73,"DE LA A.E., OO.AA., EE.PP. Y OTROS EE.PP. ESTATALE",732,De diversos Ministerios,73200,De diversos Ministerios,I/73200,0000000025,VI Plan Vivienda 2013-2016. AGE,8094100
17,FOMENTO,1702,SECRETARÍA GENERAL,17020000,SECRETARÍA GENERAL,7,TRANSFERENCIAS DE CAPITAL,73,"DE LA A.E., OO.AA., EE.PP. Y OTROS EE.PP. ESTATALE",732,De diversos Ministerios,73200,De diversos Ministerios,I/73200,0000001701,Convenio carreteras N-420 y N-330A. AGE,4931000
17,FOMENTO,1702,SECRETARÍA GENERAL,17020000,SECRETARÍA GENERAL,8,ACTIVOS FINANCIEROS,82,REINTEGRO DE PRÉSTAMOS CONCEDIDOS,820,A corto plazo,82000,A personal funcionario y no laboral,I/82000,,,8850
17,FOMENTO,1702,SECRETARÍA GENERAL,17020000,SECRETARÍA GENERAL,8,ACTIVOS FINANCIEROS,82,REINTEGRO DE PRÉSTAMOS CONCEDIDOS,820,A corto plazo,82001,A personal laboral,I/82001,,,1700
17,FOMENTO,1702,SECRETARÍA GENERAL,17020000,SECRETARÍA GENERAL,8,ACTIVOS FINANCIEROS,82,REINTEGRO DE PRÉSTAMOS CONCEDIDOS,821,A largo plazo,82100,A personal funcionario y no laboral,I/82100,,,53140
17,FOMENTO,1702,SECRETARÍA GENERAL,17020000,SECRETARÍA GENERAL,8,ACTIVOS FINANCIEROS,82,REINTEGRO DE PRÉSTAMOS CONCEDIDOS,821,A largo plazo,82101,A personal laboral,I/82101,,,36310
17,FOMENTO,1702,SECRETARÍA GENERAL,17020000,SECRETARÍA GENERAL,8,ACTIVOS FINANCIEROS,82,REINTEGRO DE PRÉSTAMOS CONCEDIDOS,821,A largo plazo,82104,A corporaciones locales y otros entes territorial,I/82104,,,277390
17,FOMENTO,1702,SECRETARÍA GENERAL,17020000,SECRETARÍA GENERAL,8,ACTIVOS FINANCIEROS,82,REINTEGRO DE PRÉSTAMOS CONCEDIDOS,821,A largo plazo,82106,A ayuntamientos. Polígonos industriales,I/82106,,,18480
18,"EDUCACIÓN, CULTURA Y DEPORTES",1802,SECRETARÍA GENERAL,18020000,SECRETARÍA GENERAL,3,"TASAS, PRECIOS PÚBLICOS Y OTROS INGRESOS",30,VENTA DE BIENES,300,Venta de publicaciones,30000,Venta de publicaciones,I/30000,,,50000
18,"EDUCACIÓN, CULTURA Y DEPORTES",1802,SECRETARÍA GENERAL,18020000,SECRETARÍA GENERAL,3,"TASAS, PRECIOS PÚBLICOS Y OTROS INGRESOS",31,PRESTACIÓN DE SERVICIOS Y PRECIOS PÚBLICOS,310,Tarifas de publicidad,31000,Tarifas de publicidad,I/31000,,,1500
18,"EDUCACIÓN, CULTURA Y DEPORTES",1802,SECRETARÍA GENERAL,18020000,SECRETARÍA GENERAL,3,"TASAS, PRECIOS PÚBLICOS Y OTROS INGRESOS",31,PRESTACIÓN DE SERVICIOS Y PRECIOS PÚBLICOS,311,Derechos de matrícula en cursos y seminarios,31100,Derechos de matrícula en cursos y seminarios,I/31100,,,10000
18,"EDUCACIÓN, CULTURA Y DEPORTES",1802,SECRETARÍA GENERAL,18020000,SECRETARÍA GENERAL,3,"TASAS, PRECIOS PÚBLICOS Y OTROS INGRESOS",31,PRESTACIÓN DE SERVICIOS Y PRECIOS PÚBLICOS,312,"Derechos de alojamiento, restauración y residencia",31200,"Derechos de alojamiento, restauración y residencia",I/31200,,,750000
18,"EDUCACIÓN, CULTURA Y DEPORTES",1802,SECRETARÍA GENERAL,18020000,SECRETARÍA GENERAL,3,"TASAS, PRECIOS PÚBLICOS Y OTROS INGRESOS",31,PRESTACIÓN DE SERVICIOS Y PRECIOS PÚBLICOS,313,"Entradas a museos, exposiciones y espectáculos",31300,"Entradas a museos, exposiciones y espectáculos",I/31300,,,369980
18,"EDUCACIÓN, CULTURA Y DEPORTES",1802,SECRETARÍA GENERAL,18020000,SECRETARÍA GENERAL,3,"TASAS, PRECIOS PÚBLICOS Y OTROS INGRESOS",31,PRESTACIÓN DE SERVICIOS Y PRECIOS PÚBLICOS,318,Otros precios públicos,31800,Otros precios públicos,I/31800,,,5053260
18,"EDUCACIÓN, CULTURA Y DEPORTES",1802,SECRETARÍA GENERAL,18020000,SECRETARÍA GENERAL,3,"TASAS, PRECIOS PÚBLICOS Y OTROS INGRESOS",32,TASAS,322,Tasas por dirección e inspección de obras,32200,Tasas por dirección e inspección de obras,I/32200,,,783000
18,"EDUCACIÓN, CULTURA Y DEPORTES",1802,SECRETARÍA GENERAL,18020000,SECRETARÍA GENERAL,3,"TASAS, PRECIOS PÚBLICOS Y OTROS INGRESOS",32,TASAS,327,Tasas en materia de educación,32700,Tasas en materia de educación,I/32700,,,949580
18,"EDUCACIÓN, CULTURA Y DEPORTES",1802,SECRETARÍA GENERAL,18020000,SECRETARÍA GENERAL,3,"TASAS, PRECIOS PÚBLICOS Y OTROS INGRESOS",32,TASAS,329,Otras tasas,32900,Otras tasas,I/32900,,,133000
18,"EDUCACIÓN, CULTURA Y DEPORTES",1802,SECRETARÍA GENERAL,18020000,SECRETARÍA GENERAL,3,"TASAS, PRECIOS PÚBLICOS Y OTROS INGRESOS",38,REINTEGROS DE OPERACIONES CORRIENTES,380,De ejercicios cerrados,38000,De ejercicios cerrados,I/38000,,,200000
18,"EDUCACIÓN, CULTURA Y DEPORTES",1802,SECRETARÍA GENERAL,18020000,SECRETARÍA GENERAL,3,"TASAS, PRECIOS PÚBLICOS Y OTROS INGRESOS",38,REINTEGROS DE OPERACIONES CORRIENTES,381,De presupuesto corriente,38100,De presupuesto corriente,I/38100,,,100000
18,"EDUCACIÓN, CULTURA Y DEPORTES",1802,SECRETARÍA GENERAL,18020000,SECRETARÍA GENERAL,4,TRANSFERENCIAS CORRIENTES,43,"DE LA A.E. OO.AA., EE.PP. Y OTROS ENTES PÚBLICOS",432,De diversos Ministerios,43200,De diversos Ministerios,I/43200,0000001552,Financiación material escolar,1200000
18,"EDUCACIÓN, CULTURA Y DEPORTES",1802,SECRETARÍA GENERAL,18020000,SECRETARÍA GENERAL,5,INGRESOS PATRIMONIALES,52,INTERESES DE DEPÓSITOS,520,Intereses de cuentas bancarias,52000,Intereses de cuentas bancarias,I/52000,,,3000
18,"EDUCACIÓN, CULTURA Y DEPORTES",1802,SECRETARÍA GENERAL,18020000,SECRETARÍA GENERAL,5,INGRESOS PATRIMONIALES,54,RENTA DE BIENES INMUEBLES,541,Arrendamientos de fincas rústicas,54100,Arrendamientos de fincas rústicas,I/54100,,,100
18,"EDUCACIÓN, CULTURA Y DEPORTES",1802,SECRETARÍA GENERAL,18020000,SECRETARÍA GENERAL,7,TRANSFERENCIAS DE CAPITAL,73,"DE LA A.E., OO.AA., EE.PP. Y OTROS EE.PP. ESTATALE",730,Fondo de compensación interterritorial,73000,Fondo de compensación interterritorial,I/73000,,,7775610
18,"EDUCACIÓN, CULTURA Y DEPORTES",1802,SECRETARÍA GENERAL,18020000,SECRETARÍA GENERAL,8,ACTIVOS FINANCIEROS,82,REINTEGRO DE PRÉSTAMOS CONCEDIDOS,820,A corto plazo,82000,A personal funcionario y no laboral,I/82000,,,10000
18,"EDUCACIÓN, CULTURA Y DEPORTES",1802,SECRETARÍA GENERAL,18020000,SECRETARÍA GENERAL,8,ACTIVOS FINANCIEROS,82,REINTEGRO DE PRÉSTAMOS CONCEDIDOS,820,A corto plazo,82001,A personal laboral,I/82001,,,10000
18,"EDUCACIÓN, CULTURA Y DEPORTES",1802,SECRETARÍA GENERAL,18020000,SECRETARÍA GENERAL,8,ACTIVOS FINANCIEROS,82,REINTEGRO DE PRÉSTAMOS CONCEDIDOS,821,A largo plazo,82100,A personal funcionario y no laboral,I/82100,,,250000
18,"EDUCACIÓN, CULTURA Y DEPORTES",1802,SECRETARÍA GENERAL,18020000,SECRETARÍA GENERAL,8,ACTIVOS FINANCIEROS,82,REINTEGRO DE PRÉSTAMOS CONCEDIDOS,821,A largo plazo,82101,A personal laboral,I/82101,,,30000
19,EMPLEO Y ECONOMÍA,1902,SECRETARÍA GENERAL,19020000,SECRETARÍA GENERAL,3,"TASAS, PRECIOS PÚBLICOS Y OTROS INGRESOS",31,PRESTACIÓN DE SERVICIOS Y PRECIOS PÚBLICOS,312,"Derechos de alojamiento, restauración y residencia",31200,"Derechos de alojamiento, restauración y residencia",I/31200,,,300000
19,EMPLEO Y ECONOMÍA,1902,SECRETARÍA GENERAL,19020000,SECRETARÍA GENERAL,3,"TASAS, PRECIOS PÚBLICOS Y OTROS INGRESOS",32,TASAS,329,Otras tasas,32900,Otras tasas,I/32900,,,150000
19,EMPLEO Y ECONOMÍA,1902,SECRETARÍA GENERAL,19020000,SECRETARÍA GENERAL,3,"TASAS, PRECIOS PÚBLICOS Y OTROS INGRESOS",38,REINTEGROS DE OPERACIONES CORRIENTES,380,De ejercicios cerrados,38000,De ejercicios cerrados,I/38000,,,5500000
19,EMPLEO Y ECONOMÍA,1902,SECRETARÍA GENERAL,19020000,SECRETARÍA GENERAL,3,"TASAS, PRECIOS PÚBLICOS Y OTROS INGRESOS",38,REINTEGROS DE OPERACIONES CORRIENTES,381,De presupuesto corriente,38100,De presupuesto corriente,I/38100,,,55000
19,EMPLEO Y ECONOMÍA,1902,SECRETARÍA GENERAL,19020000,SECRETARÍA GENERAL,3,"TASAS, PRECIOS PÚBLICOS Y OTROS INGRESOS",39,OTROS INGRESOS,390,Recargos y multas,39000,Recargo de apremio,I/39000,,,300000
19,EMPLEO Y ECONOMÍA,1902,SECRETARÍA GENERAL,19020000,SECRETARÍA GENERAL,3,"TASAS, PRECIOS PÚBLICOS Y OTROS INGRESOS",39,OTROS INGRESOS,390,Recargos y multas,39001,Intereses de demora,I/39001,,,60000
19,EMPLEO Y ECONOMÍA,1902,SECRETARÍA GENERAL,19020000,SECRETARÍA GENERAL,3,"TASAS, PRECIOS PÚBLICOS Y OTROS INGRESOS",39,OTROS INGRESOS,390,Recargos y multas,39002,Multas y sanciones,I/39002,,,500000
19,EMPLEO Y ECONOMÍA,1902,SECRETARÍA GENERAL,19020000,SECRETARÍA GENERAL,3,"TASAS, PRECIOS PÚBLICOS Y OTROS INGRESOS",39,OTROS INGRESOS,390,Recargos y multas,39003,Multas en materia de salud y prevención riesg lab,I/39003,,,2000000
19,EMPLEO Y ECONOMÍA,1902,SECRETARÍA GENERAL,19020000,SECRETARÍA GENERAL,3,"TASAS, PRECIOS PÚBLICOS Y OTROS INGRESOS",39,OTROS INGRESOS,399,Ingresos diversos,39900,Ingresos diversos,I/39900,,,30000
19,EMPLEO Y ECONOMÍA,1902,SECRETARÍA GENERAL,19020000,SECRETARÍA GENERAL,4,TRANSFERENCIAS CORRIENTES,43,"DE LA A.E. OO.AA., EE.PP. Y OTROS ENTES PÚBLICOS",434,De organismos autónomos estatales,43400,De organismos autónomos estatales,I/43400,0000000030,Integración lab del minusválido OO.AA.EE,8419000
19,EMPLEO Y ECONOMÍA,1902,SECRETARÍA GENERAL,19020000,SECRETARÍA GENERAL,4,TRANSFERENCIAS CORRIENTES,43,"DE LA A.E. OO.AA., EE.PP. Y OTROS ENTES PÚBLICOS",434,De organismos autónomos estatales,43400,De organismos autónomos estatales,I/43400,0000000040,Promoción empleo autónomo. OO.AA.EE,572730
19,EMPLEO Y ECONOMÍA,1902,SECRETARÍA GENERAL,19020000,SECRETARÍA GENERAL,4,TRANSFERENCIAS CORRIENTES,43,"DE LA A.E. OO.AA., EE.PP. Y OTROS ENTES PÚBLICOS",434,De organismos autónomos estatales,43400,De organismos autónomos estatales,I/43400,0000000050,Promoción de la economía social,285000
19,EMPLEO Y ECONOMÍA,1902,SECRETARÍA GENERAL,19020000,SECRETARÍA GENERAL,4,TRANSFERENCIAS CORRIENTES,43,"DE LA A.E. OO.AA., EE.PP. Y OTROS ENTES PÚBLICOS",434,De organismos autónomos estatales,43400,De organismos autónomos estatales,I/43400,0000000060,Formación profesio.ocupacional. OO.AA.EE,22430000
19,EMPLEO Y ECONOMÍA,1902,SECRETARÍA GENERAL,19020000,SECRETARÍA GENERAL,4,TRANSFERENCIAS CORRIENTES,43,"DE LA A.E. OO.AA., EE.PP. Y OTROS ENTES PÚBLICOS",434,De organismos autónomos estatales,43400,De organismos autónomos estatales,I/43400,0000001150,Fomento y Gestión del empleo. OO.AA.EE,14330000
19,EMPLEO Y ECONOMÍA,1902,SECRETARÍA GENERAL,19020000,SECRETARÍA GENERAL,4,TRANSFERENCIAS CORRIENTES,43,"DE LA A.E. OO.AA., EE.PP. Y OTROS ENTES PÚBLICOS",434,De organismos autónomos estatales,43400,De organismos autónomos estatales,I/43400,0000001170,"Escuelas taller,Casas oficio, T. empleo",12500000
19,EMPLEO Y ECONOMÍA,1902,SECRETARÍA GENERAL,19020000,SECRETARÍA GENERAL,4,TRANSFERENCIAS CORRIENTES,43,"DE LA A.E. OO.AA., EE.PP. Y OTROS ENTES PÚBLICOS",434,De organismos autónomos estatales,43400,De organismos autónomos estatales,I/43400,0000001280,Centros nacionales,1000000
19,EMPLEO Y ECONOMÍA,1902,SECRETARÍA GENERAL,19020000,SECRETARÍA GENERAL,4,TRANSFERENCIAS CORRIENTES,43,"DE LA A.E. OO.AA., EE.PP. Y OTROS ENTES PÚBLICOS",434,De organismos autónomos estatales,43400,De organismos autónomos estatales,I/43400,0000001804,Expedientes ERE,110000
19,EMPLEO Y ECONOMÍA,1902,SECRETARÍA GENERAL,19020000,SECRETARÍA GENERAL,4,TRANSFERENCIAS CORRIENTES,43,"DE LA A.E. OO.AA., EE.PP. Y OTROS ENTES PÚBLICOS",434,De organismos autónomos estatales,43400,De organismos autónomos estatales,I/43400,0000011290,Formación Continua. OO.AA.EE,10350000
19,EMPLEO Y ECONOMÍA,1902,SECRETARÍA GENERAL,19020000,SECRETARÍA GENERAL,4,TRANSFERENCIAS CORRIENTES,49,DEL EXTERIOR,494,Fondo Social Europeo. FSE,49400,Fondo Social Europeo,I/49400,,,32000000
19,EMPLEO Y ECONOMÍA,1902,SECRETARÍA GENERAL,19020000,SECRETARÍA GENERAL,5,INGRESOS PATRIMONIALES,52,INTERESES DE DEPÓSITOS,520,Intereses de cuentas bancarias,52000,Intereses de cuentas bancarias,I/52000,,,8000
19,EMPLEO Y ECONOMÍA,1902,SECRETARÍA GENERAL,19020000,SECRETARÍA GENERAL,6,ENAJENACIÓN DE INVERSIONES REALES,68,REINTEGROS POR OPERACIONES DE CAPITAL,680,De ejercicios cerrados,68000,De transferencias de capital,I/68000,,,30000
19,EMPLEO Y ECONOMÍA,1902,SECRETARÍA GENERAL,19020000,SECRETARÍA GENERAL,7,TRANSFERENCIAS DE CAPITAL,73,"DE LA A.E., OO.AA., EE.PP. Y OTROS EE.PP. ESTATALE",734,De organismos autónomos estatales,73400,De organismos autónomos estatales,I/73400,0000000002,Oficinas de Empleo,1280000
19,EMPLEO Y ECONOMÍA,1902,SECRETARÍA GENERAL,19020000,SECRETARÍA GENERAL,7,TRANSFERENCIAS DE CAPITAL,73,"DE LA A.E., OO.AA., EE.PP. Y OTROS EE.PP. ESTATALE",734,De organismos autónomos estatales,73400,De organismos autónomos estatales,I/73400,0000000030,Integración lab del minusválido OO.AA.EE,781000
19,EMPLEO Y ECONOMÍA,1902,SECRETARÍA GENERAL,19020000,SECRETARÍA GENERAL,7,TRANSFERENCIAS DE CAPITAL,73,"DE LA A.E., OO.AA., EE.PP. Y OTROS EE.PP. ESTATALE",734,De organismos autónomos estatales,73400,De organismos autónomos estatales,I/73400,0000000040,Promoción empleo autónomo. OO.AA.EE,400000
19,EMPLEO Y ECONOMÍA,1902,SECRETARÍA GENERAL,19020000,SECRETARÍA GENERAL,7,TRANSFERENCIAS DE CAPITAL,79,DEL EXTERIOR,790,Fondo Europeo de Desarrollo Regional. FEDER,79000,Fondo Europeo de Desarrollo Regional,I/79000,,,100000000
19,EMPLEO Y ECONOMÍA,1902,SECRETARÍA GENERAL,19020000,SECRETARÍA GENERAL,8,ACTIVOS FINANCIEROS,82,REINTEGRO DE PRÉSTAMOS CONCEDIDOS,820,A corto plazo,82000,A personal funcionario y no laboral,I/82000,,,31000
19,EMPLEO Y ECONOMÍA,1902,SECRETARÍA GENERAL,19020000,SECRETARÍA GENERAL,8,ACTIVOS FINANCIEROS,82,REINTEGRO DE PRÉSTAMOS CONCEDIDOS,820,A corto plazo,82001,A personal laboral,I/82001,,,7000
19,EMPLEO Y ECONOMÍA,1902,SECRETARÍA GENERAL,19020000,SECRETARÍA GENERAL,8,ACTIVOS FINANCIEROS,82,REINTEGRO DE PRÉSTAMOS CONCEDIDOS,821,A largo plazo,82100,A personal funcionario y no laboral,I/82100,,,61000
19,EMPLEO Y ECONOMÍA,1902,SECRETARÍA GENERAL,19020000,SECRETARÍA GENERAL,8,ACTIVOS FINANCIEROS,82,REINTEGRO DE PRÉSTAMOS CONCEDIDOS,821,A largo plazo,82101,A personal laboral,I/82101,,,15000
19,EMPLEO Y ECONOMÍA,1902,SECRETARÍA GENERAL,19020000,SECRETARÍA GENERAL,8,ACTIVOS FINANCIEROS,82,REINTEGRO DE PRÉSTAMOS CONCEDIDOS,821,A largo plazo,82105,Otros préstamos y anticipos concedidos,I/82105,,,900000
21,AGRICULTURA,2102,SECRETARÍA GENERAL,21020000,SECRETARÍA GENERAL,3,"TASAS, PRECIOS PÚBLICOS Y OTROS INGRESOS",30,VENTA DE BIENES,301,Venta de productos agropecuarios,30100,Venta de productos agropecuarios,I/30100,,,60000
21,AGRICULTURA,2102,SECRETARÍA GENERAL,21020000,SECRETARÍA GENERAL,3,"TASAS, PRECIOS PÚBLICOS Y OTROS INGRESOS",30,VENTA DE BIENES,309,Venta de otros bienes,30900,Venta de otros bienes,I/30900,,,10200
21,AGRICULTURA,2102,SECRETARÍA GENERAL,21020000,SECRETARÍA GENERAL,3,"TASAS, PRECIOS PÚBLICOS Y OTROS INGRESOS",31,PRESTACIÓN DE SERVICIOS Y PRECIOS PÚBLICOS,314,Derechos de plantación de viñedo,31400,Derechos de plantación de viñedo,I/31400,,,500000
21,AGRICULTURA,2102,SECRETARÍA GENERAL,21020000,SECRETARÍA GENERAL,3,"TASAS, PRECIOS PÚBLICOS Y OTROS INGRESOS",31,PRESTACIÓN DE SERVICIOS Y PRECIOS PÚBLICOS,319,Otros ingresos por prestación de servicios,31900,Otros ingresos por prestación de servicios,I/31900,,,117000
21,AGRICULTURA,2102,SECRETARÍA GENERAL,21020000,SECRETARÍA GENERAL,3,"TASAS, PRECIOS PÚBLICOS Y OTROS INGRESOS",32,TASAS,323,Tasas en materia de agricultura y medio ambiente,32300,Tasas en materia de agricultura,I/32300,,,2331140
21,AGRICULTURA,2102,SECRETARÍA GENERAL,21020000,SECRETARÍA GENERAL,3,"TASAS, PRECIOS PÚBLICOS Y OTROS INGRESOS",32,TASAS,323,Tasas en materia de agricultura y medio ambiente,32301,Tasas en materia de medioambiente,I/32301,,,8121170
21,AGRICULTURA,2102,SECRETARÍA GENERAL,21020000,SECRETARÍA GENERAL,3,"TASAS, PRECIOS PÚBLICOS Y OTROS INGRESOS",32,TASAS,329,Otras tasas,32900,Otras tasas,I/32900,,,5000
21,AGRICULTURA,2102,SECRETARÍA GENERAL,21020000,SECRETARÍA GENERAL,3,"TASAS, PRECIOS PÚBLICOS Y OTROS INGRESOS",38,REINTEGROS DE OPERACIONES CORRIENTES,380,De ejercicios cerrados,38000,De ejercicios cerrados,I/38000,,,450000
21,AGRICULTURA,2102,SECRETARÍA GENERAL,21020000,SECRETARÍA GENERAL,3,"TASAS, PRECIOS PÚBLICOS Y OTROS INGRESOS",38,REINTEGROS DE OPERACIONES CORRIENTES,381,De presupuesto corriente,38100,De presupuesto corriente,I/38100,,,50000
21,AGRICULTURA,2102,SECRETARÍA GENERAL,21020000,SECRETARÍA GENERAL,3,"TASAS, PRECIOS PÚBLICOS Y OTROS INGRESOS",39,OTROS INGRESOS,390,Recargos y multas,39000,Recargo de apremio,I/39000,,,400000
21,AGRICULTURA,2102,SECRETARÍA GENERAL,21020000,SECRETARÍA GENERAL,3,"TASAS, PRECIOS PÚBLICOS Y OTROS INGRESOS",39,OTROS INGRESOS,390,Recargos y multas,39001,Intereses de demora,I/39001,,,60000
21,AGRICULTURA,2102,SECRETARÍA GENERAL,21020000,SECRETARÍA GENERAL,3,"TASAS, PRECIOS PÚBLICOS Y OTROS INGRESOS",39,OTROS INGRESOS,390,Recargos y multas,39002,Multas y sanciones,I/39002,,,2500000
21,AGRICULTURA,2102,SECRETARÍA GENERAL,21020000,SECRETARÍA GENERAL,3,"TASAS, PRECIOS PÚBLICOS Y OTROS INGRESOS",39,OTROS INGRESOS,399,Ingresos diversos,39900,Ingresos diversos,I/39900,,,25000
21,AGRICULTURA,2102,SECRETARÍA GENERAL,21020000,SECRETARÍA GENERAL,4,TRANSFERENCIAS CORRIENTES,43,"DE LA A.E. OO.AA., EE.PP. Y OTROS ENTES PÚBLICOS",432,De diversos Ministerios,43200,De diversos Ministerios,I/43200,0000000120,Censos ganaderos AGE,305000
21,AGRICULTURA,2102,SECRETARÍA GENERAL,21020000,SECRETARÍA GENERAL,4,TRANSFERENCIAS CORRIENTES,43,"DE LA A.E. OO.AA., EE.PP. Y OTROS ENTES PÚBLICOS",432,De diversos Ministerios,43200,De diversos Ministerios,I/43200,0000000140,Control lechero. AGE,160000
21,AGRICULTURA,2102,SECRETARÍA GENERAL,21020000,SECRETARÍA GENERAL,4,TRANSFERENCIAS CORRIENTES,43,"DE LA A.E. OO.AA., EE.PP. Y OTROS ENTES PÚBLICOS",432,De diversos Ministerios,43200,De diversos Ministerios,I/43200,0000000150,Asoc. de defensa sanitaria ganadera AGE,300000
21,AGRICULTURA,2102,SECRETARÍA GENERAL,21020000,SECRETARÍA GENERAL,4,TRANSFERENCIAS CORRIENTES,43,"DE LA A.E. OO.AA., EE.PP. Y OTROS ENTES PÚBLICOS",432,De diversos Ministerios,43200,De diversos Ministerios,I/43200,0000000160,Medidas agroambientales. FEADER,6832230
21,AGRICULTURA,2102,SECRETARÍA GENERAL,21020000,SECRETARÍA GENERAL,4,TRANSFERENCIAS CORRIENTES,43,"DE LA A.E. OO.AA., EE.PP. Y OTROS ENTES PÚBLICOS",432,De diversos Ministerios,43200,De diversos Ministerios,I/43200,0000000167,Fomento pastoreo ovinocaprino PAC FEADER,492000
21,AGRICULTURA,2102,SECRETARÍA GENERAL,21020000,SECRETARÍA GENERAL,4,TRANSFERENCIAS CORRIENTES,43,"DE LA A.E. OO.AA., EE.PP. Y OTROS ENTES PÚBLICOS",432,De diversos Ministerios,43200,De diversos Ministerios,I/43200,0000000180,Cese anticipado. FEADER,400000
21,AGRICULTURA,2102,SECRETARÍA GENERAL,21020000,SECRETARÍA GENERAL,4,TRANSFERENCIAS CORRIENTES,43,"DE LA A.E. OO.AA., EE.PP. Y OTROS ENTES PÚBLICOS",432,De diversos Ministerios,43200,De diversos Ministerios,I/43200,0000000191,Plan Nacional Apícola PAC AGE,175000
21,AGRICULTURA,2102,SECRETARÍA GENERAL,21020000,SECRETARÍA GENERAL,4,TRANSFERENCIAS CORRIENTES,43,"DE LA A.E. OO.AA., EE.PP. Y OTROS ENTES PÚBLICOS",432,De diversos Ministerios,43200,De diversos Ministerios,I/43200,0000000200,Indem.Compes. montaña Red Natura. FEADER,1499330
21,AGRICULTURA,2102,SECRETARÍA GENERAL,21020000,SECRETARÍA GENERAL,4,TRANSFERENCIAS CORRIENTES,43,"DE LA A.E. OO.AA., EE.PP. Y OTROS ENTES PÚBLICOS",432,De diversos Ministerios,43200,De diversos Ministerios,I/43200,0000000206,Asesoramiento gestión del agua. FEADER,4320
21,AGRICULTURA,2102,SECRETARÍA GENERAL,21020000,SECRETARÍA GENERAL,4,TRANSFERENCIAS CORRIENTES,43,"DE LA A.E. OO.AA., EE.PP. Y OTROS ENTES PÚBLICOS",432,De diversos Ministerios,43200,De diversos Ministerios,I/43200,0000000211,Razas autóctonas en extinción. AGE,40000
21,AGRICULTURA,2102,SECRETARÍA GENERAL,21020000,SECRETARÍA GENERAL,4,TRANSFERENCIAS CORRIENTES,43,"DE LA A.E. OO.AA., EE.PP. Y OTROS ENTES PÚBLICOS",432,De diversos Ministerios,43200,De diversos Ministerios,I/43200,0000000212,Fomento de razas en extensivo (AGE),20000
21,AGRICULTURA,2102,SECRETARÍA GENERAL,21020000,SECRETARÍA GENERAL,4,TRANSFERENCIAS CORRIENTES,43,"DE LA A.E. OO.AA., EE.PP. Y OTROS ENTES PÚBLICOS",432,De diversos Ministerios,43200,De diversos Ministerios,I/43200,0000000213,Agrup. productores ovino y caprino. AGE,2000
21,AGRICULTURA,2102,SECRETARÍA GENERAL,21020000,SECRETARÍA GENERAL,4,TRANSFERENCIAS CORRIENTES,43,"DE LA A.E. OO.AA., EE.PP. Y OTROS ENTES PÚBLICOS",432,De diversos Ministerios,43200,De diversos Ministerios,I/43200,0000000253,Mejora de la calidad agroalimentaria,361500
21,AGRICULTURA,2102,SECRETARÍA GENERAL,21020000,SECRETARÍA GENERAL,4,TRANSFERENCIAS CORRIENTES,43,"DE LA A.E. OO.AA., EE.PP. Y OTROS ENTES PÚBLICOS",432,De diversos Ministerios,43200,De diversos Ministerios,I/43200,0000000257,A.Técnica D. Rural. PDR 2014-2020 FEADER,24800
21,AGRICULTURA,2102,SECRETARÍA GENERAL,21020000,SECRETARÍA GENERAL,4,TRANSFERENCIAS CORRIENTES,43,"DE LA A.E. OO.AA., EE.PP. Y OTROS ENTES PÚBLICOS",432,De diversos Ministerios,43200,De diversos Ministerios,I/43200,0000000258,LEADER: Asistencias técnicas. FEADER,24800
21,AGRICULTURA,2102,SECRETARÍA GENERAL,21020000,SECRETARÍA GENERAL,4,TRANSFERENCIAS CORRIENTES,43,"DE LA A.E. OO.AA., EE.PP. Y OTROS ENTES PÚBLICOS",432,De diversos Ministerios,43200,De diversos Ministerios,I/43200,0000000330,Estadísticas agrarias. AGE,156100
21,AGRICULTURA,2102,SECRETARÍA GENERAL,21020000,SECRETARÍA GENERAL,4,TRANSFERENCIAS CORRIENTES,43,"DE LA A.E. OO.AA., EE.PP. Y OTROS ENTES PÚBLICOS",432,De diversos Ministerios,43200,De diversos Ministerios,I/43200,0000000370,Lucha enfermedades animales. AGE,2900000
21,AGRICULTURA,2102,SECRETARÍA GENERAL,21020000,SECRETARÍA GENERAL,4,TRANSFERENCIAS CORRIENTES,43,"DE LA A.E. OO.AA., EE.PP. Y OTROS ENTES PÚBLICOS",432,De diversos Ministerios,43200,De diversos Ministerios,I/43200,0000000438,Asistencias técnicas. PAC FEADER,8620
21,AGRICULTURA,2102,SECRETARÍA GENERAL,21020000,SECRETARÍA GENERAL,4,TRANSFERENCIAS CORRIENTES,43,"DE LA A.E. OO.AA., EE.PP. Y OTROS ENTES PÚBLICOS",432,De diversos Ministerios,43200,De diversos Ministerios,I/43200,0000000840,Fomento razas autóctonas equinos AGE,6000
21,AGRICULTURA,2102,SECRETARÍA GENERAL,21020000,SECRETARÍA GENERAL,4,TRANSFERENCIAS CORRIENTES,43,"DE LA A.E. OO.AA., EE.PP. Y OTROS ENTES PÚBLICOS",432,De diversos Ministerios,43200,De diversos Ministerios,I/43200,0000001030,Calidad de la leche. AGE,45000
21,AGRICULTURA,2102,SECRETARÍA GENERAL,21020000,SECRETARÍA GENERAL,4,TRANSFERENCIAS CORRIENTES,43,"DE LA A.E. OO.AA., EE.PP. Y OTROS ENTES PÚBLICOS",432,De diversos Ministerios,43200,De diversos Ministerios,I/43200,0000001221,Agrupaciones productores fruto seco AGE,75000
21,AGRICULTURA,2102,SECRETARÍA GENERAL,21020000,SECRETARÍA GENERAL,4,TRANSFERENCIAS CORRIENTES,43,"DE LA A.E. OO.AA., EE.PP. Y OTROS ENTES PÚBLICOS",432,De diversos Ministerios,43200,De diversos Ministerios,I/43200,0000001225,Frutos de cáscara MAGRAMA. AGE,2500000
21,AGRICULTURA,2102,SECRETARÍA GENERAL,21020000,SECRETARÍA GENERAL,4,TRANSFERENCIAS CORRIENTES,43,"DE LA A.E. OO.AA., EE.PP. Y OTROS ENTES PÚBLICOS",432,De diversos Ministerios,43200,De diversos Ministerios,I/43200,0000001453,Calidad alimentaria. FEADER,297000
21,AGRICULTURA,2102,SECRETARÍA GENERAL,21020000,SECRETARÍA GENERAL,4,TRANSFERENCIAS CORRIENTES,43,"DE LA A.E. OO.AA., EE.PP. Y OTROS ENTES PÚBLICOS",432,De diversos Ministerios,43200,De diversos Ministerios,I/43200,0000001454,Agroproducción-comercialización. FEADER,270100
21,AGRICULTURA,2102,SECRETARÍA GENERAL,21020000,SECRETARÍA GENERAL,4,TRANSFERENCIAS CORRIENTES,43,"DE LA A.E. OO.AA., EE.PP. Y OTROS ENTES PÚBLICOS",432,De diversos Ministerios,43200,De diversos Ministerios,I/43200,0000001455,Formación-Información profesional FEADER,240000
21,AGRICULTURA,2102,SECRETARÍA GENERAL,21020000,SECRETARÍA GENERAL,4,TRANSFERENCIAS CORRIENTES,43,"DE LA A.E. OO.AA., EE.PP. Y OTROS ENTES PÚBLICOS",432,De diversos Ministerios,43200,De diversos Ministerios,I/43200,0000001512,Asesoramiento E. agrarias. FEADER,388750
21,AGRICULTURA,2102,SECRETARÍA GENERAL,21020000,SECRETARÍA GENERAL,4,TRANSFERENCIAS CORRIENTES,43,"DE LA A.E. OO.AA., EE.PP. Y OTROS ENTES PÚBLICOS",432,De diversos Ministerios,43200,De diversos Ministerios,I/43200,0000001519,Asesoramiento E. Agrarias. FEADER,498960
21,AGRICULTURA,2102,SECRETARÍA GENERAL,21020000,SECRETARÍA GENERAL,4,TRANSFERENCIAS CORRIENTES,43,"DE LA A.E. OO.AA., EE.PP. Y OTROS ENTES PÚBLICOS",432,De diversos Ministerios,43200,De diversos Ministerios,I/43200,0000001522,Bonificación gastos financieros. AGE,500000
21,AGRICULTURA,2102,SECRETARÍA GENERAL,21020000,SECRETARÍA GENERAL,4,TRANSFERENCIAS CORRIENTES,43,"DE LA A.E. OO.AA., EE.PP. Y OTROS ENTES PÚBLICOS",432,De diversos Ministerios,43200,De diversos Ministerios,I/43200,0000001530,Asesoramiento gestión forestal. FEADER,960
21,AGRICULTURA,2102,SECRETARÍA GENERAL,21020000,SECRETARÍA GENERAL,4,TRANSFERENCIAS CORRIENTES,43,"DE LA A.E. OO.AA., EE.PP. Y OTROS ENTES PÚBLICOS",432,De diversos Ministerios,43200,De diversos Ministerios,I/43200,0000001533,Sostenibilidad. FEADER,13920
21,AGRICULTURA,2102,SECRETARÍA GENERAL,21020000,SECRETARÍA GENERAL,4,TRANSFERENCIAS CORRIENTES,43,"DE LA A.E. OO.AA., EE.PP. Y OTROS ENTES PÚBLICOS",432,De diversos Ministerios,43200,De diversos Ministerios,I/43200,0000001534,"Cooperación agroalimentaria. PDR, FEADER",20250
21,AGRICULTURA,2102,SECRETARÍA GENERAL,21020000,SECRETARÍA GENERAL,4,TRANSFERENCIAS CORRIENTES,43,"DE LA A.E. OO.AA., EE.PP. Y OTROS ENTES PÚBLICOS",432,De diversos Ministerios,43200,De diversos Ministerios,I/43200,0000001539,Formación agraria directa. FEADER,168000
21,AGRICULTURA,2102,SECRETARÍA GENERAL,21020000,SECRETARÍA GENERAL,4,TRANSFERENCIAS CORRIENTES,43,"DE LA A.E. OO.AA., EE.PP. Y OTROS ENTES PÚBLICOS",432,De diversos Ministerios,43210,Censos ganaderos y lucha contra plagas,I/43210,0000000121,Lucha contra plagas AGE,150000
21,AGRICULTURA,2102,SECRETARÍA GENERAL,21020000,SECRETARÍA GENERAL,4,TRANSFERENCIAS CORRIENTES,43,"DE LA A.E. OO.AA., EE.PP. Y OTROS ENTES PÚBLICOS",432,De diversos Ministerios,43211,ATRIAS y campos de ensayo,I/43211,0000000130,Atrias y campos de ensayo AGE,10000
21,AGRICULTURA,2102,SECRETARÍA GENERAL,21020000,SECRETARÍA GENERAL,4,TRANSFERENCIAS CORRIENTES,49,DEL EXTERIOR,492,Fondo europeo agrario de desarrollo rural. FEADER,49200,Fondo europeo agrario de desarrollo rural. FEADER,I/49200,0000000160,Medidas agroambientales. FEADER,49688890
21,AGRICULTURA,2102,SECRETARÍA GENERAL,21020000,SECRETARÍA GENERAL,4,TRANSFERENCIAS CORRIENTES,49,DEL EXTERIOR,492,Fondo europeo agrario de desarrollo rural. FEADER,49200,Fondo europeo agrario de desarrollo rural. FEADER,I/49200,0000000167,Fomento pastoreo ovinocaprino PAC FEADER,7380000
21,AGRICULTURA,2102,SECRETARÍA GENERAL,21020000,SECRETARÍA GENERAL,4,TRANSFERENCIAS CORRIENTES,49,DEL EXTERIOR,492,Fondo europeo agrario de desarrollo rural. FEADER,49200,Fondo europeo agrario de desarrollo rural. FEADER,I/49200,0000000180,Cese anticipado. FEADER,3000000
21,AGRICULTURA,2102,SECRETARÍA GENERAL,21020000,SECRETARÍA GENERAL,4,TRANSFERENCIAS CORRIENTES,49,DEL EXTERIOR,492,Fondo europeo agrario de desarrollo rural. FEADER,49200,Fondo europeo agrario de desarrollo rural. FEADER,I/49200,0000000200,Indem.Compes. montaña Red Natura. FEADER,10904180
21,AGRICULTURA,2102,SECRETARÍA GENERAL,21020000,SECRETARÍA GENERAL,4,TRANSFERENCIAS CORRIENTES,49,DEL EXTERIOR,492,Fondo europeo agrario de desarrollo rural. FEADER,49200,Fondo europeo agrario de desarrollo rural. FEADER,I/49200,0000000206,Asesoramiento gestión del agua. FEADER,64800
21,AGRICULTURA,2102,SECRETARÍA GENERAL,21020000,SECRETARÍA GENERAL,4,TRANSFERENCIAS CORRIENTES,49,DEL EXTERIOR,492,Fondo europeo agrario de desarrollo rural. FEADER,49200,Fondo europeo agrario de desarrollo rural. FEADER,I/49200,0000000257,A.Técnica D. Rural. PDR 2014-2020 FEADER,205900
21,AGRICULTURA,2102,SECRETARÍA GENERAL,21020000,SECRETARÍA GENERAL,4,TRANSFERENCIAS CORRIENTES,49,DEL EXTERIOR,492,Fondo europeo agrario de desarrollo rural. FEADER,49200,Fondo europeo agrario de desarrollo rural. FEADER,I/49200,0000000258,LEADER: Asistencias técnicas. FEADER,205900
21,AGRICULTURA,2102,SECRETARÍA GENERAL,21020000,SECRETARÍA GENERAL,4,TRANSFERENCIAS CORRIENTES,49,DEL EXTERIOR,492,Fondo europeo agrario de desarrollo rural. FEADER,49200,Fondo europeo agrario de desarrollo rural. FEADER,I/49200,0000000438,Asistencias técnicas. PAC FEADER,163360
21,AGRICULTURA,2102,SECRETARÍA GENERAL,21020000,SECRETARÍA GENERAL,4,TRANSFERENCIAS CORRIENTES,49,DEL EXTERIOR,492,Fondo europeo agrario de desarrollo rural. FEADER,49200,Fondo europeo agrario de desarrollo rural. FEADER,I/49200,0000001453,Calidad alimentaria. FEADER,1113750
21,AGRICULTURA,2102,SECRETARÍA GENERAL,21020000,SECRETARÍA GENERAL,4,TRANSFERENCIAS CORRIENTES,49,DEL EXTERIOR,492,Fondo europeo agrario de desarrollo rural. FEADER,49200,Fondo europeo agrario de desarrollo rural. FEADER,I/49200,0000001454,Agroproducción-comercialización. FEADER,1012880
21,AGRICULTURA,2102,SECRETARÍA GENERAL,21020000,SECRETARÍA GENERAL,4,TRANSFERENCIAS CORRIENTES,49,DEL EXTERIOR,492,Fondo europeo agrario de desarrollo rural. FEADER,49200,Fondo europeo agrario de desarrollo rural. FEADER,I/49200,0000001455,Formación-Información profesional FEADER,900000
21,AGRICULTURA,2102,SECRETARÍA GENERAL,21020000,SECRETARÍA GENERAL,4,TRANSFERENCIAS CORRIENTES,49,DEL EXTERIOR,492,Fondo europeo agrario de desarrollo rural. FEADER,49200,Fondo europeo agrario de desarrollo rural. FEADER,I/49200,0000001512,Asesoramiento E. agrarias. FEADER,554710
21,AGRICULTURA,2102,SECRETARÍA GENERAL,21020000,SECRETARÍA GENERAL,4,TRANSFERENCIAS CORRIENTES,49,DEL EXTERIOR,492,Fondo europeo agrario de desarrollo rural. FEADER,49200,Fondo europeo agrario de desarrollo rural. FEADER,I/49200,0000001519,Asesoramiento E. Agrarias. FEADER,3118500
21,AGRICULTURA,2102,SECRETARÍA GENERAL,21020000,SECRETARÍA GENERAL,4,TRANSFERENCIAS CORRIENTES,49,DEL EXTERIOR,492,Fondo europeo agrario de desarrollo rural. FEADER,49200,Fondo europeo agrario de desarrollo rural. FEADER,I/49200,0000001530,Asesoramiento gestión forestal. FEADER,14400
21,AGRICULTURA,2102,SECRETARÍA GENERAL,21020000,SECRETARÍA GENERAL,4,TRANSFERENCIAS CORRIENTES,49,DEL EXTERIOR,492,Fondo europeo agrario de desarrollo rural. FEADER,49200,Fondo europeo agrario de desarrollo rural. FEADER,I/49200,0000001533,Sostenibilidad. FEADER,148780
21,AGRICULTURA,2102,SECRETARÍA GENERAL,21020000,SECRETARÍA GENERAL,4,TRANSFERENCIAS CORRIENTES,49,DEL EXTERIOR,492,Fondo europeo agrario de desarrollo rural. FEADER,49200,Fondo europeo agrario de desarrollo rural. FEADER,I/49200,0000001534,"Cooperación agroalimentaria. PDR, FEADER",151880
21,AGRICULTURA,2102,SECRETARÍA GENERAL,21020000,SECRETARÍA GENERAL,4,TRANSFERENCIAS CORRIENTES,49,DEL EXTERIOR,492,Fondo europeo agrario de desarrollo rural. FEADER,49200,Fondo europeo agrario de desarrollo rural. FEADER,I/49200,0000001539,Formación agraria directa. FEADER,632000
21,AGRICULTURA,2102,SECRETARÍA GENERAL,21020000,SECRETARÍA GENERAL,4,TRANSFERENCIAS CORRIENTES,49,DEL EXTERIOR,493,Fondo europeo agrario de garantía. FEAGA,49308,Regulación sector vitivinícola,I/49308,0000000290,Ayudas al sector vitivinÍcola. FEAGA,29753500
21,AGRICULTURA,2102,SECRETARÍA GENERAL,21020000,SECRETARÍA GENERAL,4,TRANSFERENCIAS CORRIENTES,49,DEL EXTERIOR,493,Fondo europeo agrario de garantía. FEAGA,49308,Regulación sector vitivinícola,I/49308,0000001528,Prima de arranque. FEAGA,10000
21,AGRICULTURA,2102,SECRETARÍA GENERAL,21020000,SECRETARÍA GENERAL,4,TRANSFERENCIAS CORRIENTES,49,DEL EXTERIOR,493,Fondo europeo agrario de garantía. FEAGA,49309,Otros ingresos FEAGA,I/49309,0000000192,Plan Nacional Apícola. FEAGA,350000
21,AGRICULTURA,2102,SECRETARÍA GENERAL,21020000,SECRETARÍA GENERAL,4,TRANSFERENCIAS CORRIENTES,49,DEL EXTERIOR,493,Fondo europeo agrario de garantía. FEAGA,49309,Otros ingresos FEAGA,I/49309,0000000233,Programas frutas/hortalizas. PAC. FEAGA,3750000
21,AGRICULTURA,2102,SECRETARÍA GENERAL,21020000,SECRETARÍA GENERAL,4,TRANSFERENCIAS CORRIENTES,49,DEL EXTERIOR,493,Fondo europeo agrario de garantía. FEAGA,49309,Otros ingresos FEAGA,I/49309,0000000250,Leche escolar. FEAGA,15000
21,AGRICULTURA,2102,SECRETARÍA GENERAL,21020000,SECRETARÍA GENERAL,4,TRANSFERENCIAS CORRIENTES,49,DEL EXTERIOR,493,Fondo europeo agrario de garantía. FEAGA,49309,Otros ingresos FEAGA,I/49309,0000000310,Forrajes desecados. FEAGA,1000
21,AGRICULTURA,2102,SECRETARÍA GENERAL,21020000,SECRETARÍA GENERAL,4,TRANSFERENCIAS CORRIENTES,49,DEL EXTERIOR,493,Fondo europeo agrario de garantía. FEAGA,49309,Otros ingresos FEAGA,I/49309,0000000392,Almacenamiento agroalimentos. PAC FEAGA,100000
21,AGRICULTURA,2102,SECRETARÍA GENERAL,21020000,SECRETARÍA GENERAL,4,TRANSFERENCIAS CORRIENTES,49,DEL EXTERIOR,493,Fondo europeo agrario de garantía. FEAGA,49309,Otros ingresos FEAGA,I/49309,0000001222,A. Productores frutos secos. FEAGA,300000
21,AGRICULTURA,2102,SECRETARÍA GENERAL,21020000,SECRETARÍA GENERAL,4,TRANSFERENCIAS CORRIENTES,49,DEL EXTERIOR,493,Fondo europeo agrario de garantía. FEAGA,49309,Otros ingresos FEAGA,I/49309,0000001516,Pago Único. FEAGA-Garantía,700000000
21,AGRICULTURA,2102,SECRETARÍA GENERAL,21020000,SECRETARÍA GENERAL,4,TRANSFERENCIAS CORRIENTES,49,DEL EXTERIOR,499,Otras transferencias,49900,Otras transferencias,I/49900,,,45000
21,AGRICULTURA,2102,SECRETARÍA GENERAL,21020000,SECRETARÍA GENERAL,4,TRANSFERENCIAS CORRIENTES,49,DEL EXTERIOR,499,Otras transferencias,49900,Otras transferencias,I/49900,0000000702,Acuicultura. Fondo Europeo de Pesca OTUE,131300
21,AGRICULTURA,2102,SECRETARÍA GENERAL,21020000,SECRETARÍA GENERAL,5,INGRESOS PATRIMONIALES,51,INTERESES DE ANTICIPOS Y PRÉSTAMOS CONCEDIDOS,511,Intereses de anticipos y préstamos concedidos l/p,51100,Intereses de anticipos y préstamos concedidos l/p,I/51100,,,320000
21,AGRICULTURA,2102,SECRETARÍA GENERAL,21020000,SECRETARÍA GENERAL,5,INGRESOS PATRIMONIALES,52,INTERESES DE DEPÓSITOS,520,Intereses de cuentas bancarias,52000,Intereses de cuentas bancarias,I/52000,,,1500
21,AGRICULTURA,2102,SECRETARÍA GENERAL,21020000,SECRETARÍA GENERAL,5,INGRESOS PATRIMONIALES,54,RENTA DE BIENES INMUEBLES,540,Alquileres y productos de inmuebles,54000,Alquileres y productos de inmuebles,I/54000,,,24000
21,AGRICULTURA,2102,SECRETARÍA GENERAL,21020000,SECRETARÍA GENERAL,5,INGRESOS PATRIMONIALES,55,"PRODUCTOS, CONCESIONES Y APROVECHAMIENTOS ESPECIAL",550,De concesiones administrativas,55000,De concesiones administrativas,I/55000,,,756440
21,AGRICULTURA,2102,SECRETARÍA GENERAL,21020000,SECRETARÍA GENERAL,5,INGRESOS PATRIMONIALES,55,"PRODUCTOS, CONCESIONES Y APROVECHAMIENTOS ESPECIAL",551,Aprovechamientos agrícolas y forestales,55100,Aprovechamientos agrícolas y forestales,I/55100,,,1364770
21,AGRICULTURA,2102,SECRETARÍA GENERAL,21020000,SECRETARÍA GENERAL,5,INGRESOS PATRIMONIALES,55,"PRODUCTOS, CONCESIONES Y APROVECHAMIENTOS ESPECIAL",559,Otras concesiones y aprovechamientos,55900,Otras concesiones y aprovechamientos,I/55900,,,7000
21,AGRICULTURA,2102,SECRETARÍA GENERAL,21020000,SECRETARÍA GENERAL,6,ENAJENACIÓN DE INVERSIONES REALES,60,DE TERRENOS,603,Venta de terrenos no urbanos,60300,Venta de terrenos no urbanos,I/60300,,,48000
21,AGRICULTURA,2102,SECRETARÍA GENERAL,21020000,SECRETARÍA GENERAL,6,ENAJENACIÓN DE INVERSIONES REALES,61,DE LAS DEMÁS INVERSIONES REALES,610,Venta de viviendas,61000,Venta de viviendas,I/61000,,,13000
21,AGRICULTURA,2102,SECRETARÍA GENERAL,21020000,SECRETARÍA GENERAL,6,ENAJENACIÓN DE INVERSIONES REALES,61,DE LAS DEMÁS INVERSIONES REALES,612,Venta de maquinaria,61200,Venta de maquinaria,I/61200,,,5000
21,AGRICULTURA,2102,SECRETARÍA GENERAL,21020000,SECRETARÍA GENERAL,6,ENAJENACIÓN DE INVERSIONES REALES,61,DE LAS DEMÁS INVERSIONES REALES,617,Venta de equipos para procesos de información,61700,Venta de equipos para procesos de información,I/61700,,,5000
21,AGRICULTURA,2102,SECRETARÍA GENERAL,21020000,SECRETARÍA GENERAL,6,ENAJENACIÓN DE INVERSIONES REALES,61,DE LAS DEMÁS INVERSIONES REALES,618,Venta de semovientes,61800,Venta de semovientes,I/61800,,,20000
21,AGRICULTURA,2102,SECRETARÍA GENERAL,21020000,SECRETARÍA GENERAL,6,ENAJENACIÓN DE INVERSIONES REALES,61,DE LAS DEMÁS INVERSIONES REALES,619,Venta de otras inversiones reales,61900,Venta de otras inversiones reales,I/61900,,,700000
21,AGRICULTURA,2102,SECRETARÍA GENERAL,21020000,SECRETARÍA GENERAL,6,ENAJENACIÓN DE INVERSIONES REALES,68,REINTEGROS POR OPERACIONES DE CAPITAL,680,De ejercicios cerrados,68000,De transferencias de capital,I/68000,,,1700000
21,AGRICULTURA,2102,SECRETARÍA GENERAL,21020000,SECRETARÍA GENERAL,7,TRANSFERENCIAS DE CAPITAL,70,DE LA JUNTA DE COMUNIDADES DE CASTILLA-LA MANCHA,700,De la Junta de Comunidades de Castilla-La Mancha,70000,De la Junta de Comunidades de Castilla-La Mancha,I/70000,0000000822,Investigación y desarrollo agrario. OTUE,34000
21,AGRICULTURA,2102,SECRETARÍA GENERAL,21020000,SECRETARÍA GENERAL,7,TRANSFERENCIAS DE CAPITAL,73,"DE LA A.E., OO.AA., EE.PP. Y OTROS EE.PP. ESTATALE",732,De diversos Ministerios,73200,De diversos Ministerios,I/73200,0000000120,Censos ganaderos AGE,6000
21,AGRICULTURA,2102,SECRETARÍA GENERAL,21020000,SECRETARÍA GENERAL,7,TRANSFERENCIAS DE CAPITAL,73,"DE LA A.E., OO.AA., EE.PP. Y OTROS EE.PP. ESTATALE",732,De diversos Ministerios,73200,De diversos Ministerios,I/73200,0000000125,Campos de ensayo agronómicos,41000
21,AGRICULTURA,2102,SECRETARÍA GENERAL,21020000,SECRETARÍA GENERAL,7,TRANSFERENCIAS DE CAPITAL,73,"DE LA A.E., OO.AA., EE.PP. Y OTROS EE.PP. ESTATALE",732,De diversos Ministerios,73200,De diversos Ministerios,I/73200,0000000191,Plan Nacional Apícola PAC AGE,36950
21,AGRICULTURA,2102,SECRETARÍA GENERAL,21020000,SECRETARÍA GENERAL,7,TRANSFERENCIAS DE CAPITAL,73,"DE LA A.E., OO.AA., EE.PP. Y OTROS EE.PP. ESTATALE",732,De diversos Ministerios,73200,De diversos Ministerios,I/73200,0000000199,Planes de zonas Natura. FEADER,163960
21,AGRICULTURA,2102,SECRETARÍA GENERAL,21020000,SECRETARÍA GENERAL,7,TRANSFERENCIAS DE CAPITAL,73,"DE LA A.E., OO.AA., EE.PP. Y OTROS EE.PP. ESTATALE",732,De diversos Ministerios,73200,De diversos Ministerios,I/73200,0000000213,Agrup. productores ovino y caprino. AGE,2000
21,AGRICULTURA,2102,SECRETARÍA GENERAL,21020000,SECRETARÍA GENERAL,7,TRANSFERENCIAS DE CAPITAL,73,"DE LA A.E., OO.AA., EE.PP. Y OTROS EE.PP. ESTATALE",732,De diversos Ministerios,73200,De diversos Ministerios,I/73200,0000000263,Fomento turismo cinegético. FEADER,65000
21,AGRICULTURA,2102,SECRETARÍA GENERAL,21020000,SECRETARÍA GENERAL,7,TRANSFERENCIAS DE CAPITAL,73,"DE LA A.E., OO.AA., EE.PP. Y OTROS EE.PP. ESTATALE",732,De diversos Ministerios,73200,De diversos Ministerios,I/73200,0000000319,Intervención del alcohol. AGE,10000
21,AGRICULTURA,2102,SECRETARÍA GENERAL,21020000,SECRETARÍA GENERAL,7,TRANSFERENCIAS DE CAPITAL,73,"DE LA A.E., OO.AA., EE.PP. Y OTROS EE.PP. ESTATALE",732,De diversos Ministerios,73200,De diversos Ministerios,I/73200,0000000361,Gestión de purines,500
21,AGRICULTURA,2102,SECRETARÍA GENERAL,21020000,SECRETARÍA GENERAL,7,TRANSFERENCIAS DE CAPITAL,73,"DE LA A.E., OO.AA., EE.PP. Y OTROS EE.PP. ESTATALE",732,De diversos Ministerios,73200,De diversos Ministerios,I/73200,0000000362,G. productos origen animal. SANDACH. AGE,500
21,AGRICULTURA,2102,SECRETARÍA GENERAL,21020000,SECRETARÍA GENERAL,7,TRANSFERENCIAS DE CAPITAL,73,"DE LA A.E., OO.AA., EE.PP. Y OTROS EE.PP. ESTATALE",732,De diversos Ministerios,73200,De diversos Ministerios,I/73200,0000000370,Lucha enfermedades animales. AGE,10000
21,AGRICULTURA,2102,SECRETARÍA GENERAL,21020000,SECRETARÍA GENERAL,7,TRANSFERENCIAS DE CAPITAL,73,"DE LA A.E., OO.AA., EE.PP. Y OTROS EE.PP. ESTATALE",732,De diversos Ministerios,73200,De diversos Ministerios,I/73200,0000000391,Aumento VA produc agrario-Indust. FEADER,6559830
21,AGRICULTURA,2102,SECRETARÍA GENERAL,21020000,SECRETARÍA GENERAL,7,TRANSFERENCIAS DE CAPITAL,73,"DE LA A.E., OO.AA., EE.PP. Y OTROS EE.PP. ESTATALE",732,De diversos Ministerios,73200,De diversos Ministerios,I/73200,0000000403,Red Natura Forestal. FEADER,84000
21,AGRICULTURA,2102,SECRETARÍA GENERAL,21020000,SECRETARÍA GENERAL,7,TRANSFERENCIAS DE CAPITAL,73,"DE LA A.E., OO.AA., EE.PP. Y OTROS EE.PP. ESTATALE",732,De diversos Ministerios,73200,De diversos Ministerios,I/73200,0000000420,Reforestación tierras agrarias. FEADER,1620000
21,AGRICULTURA,2102,SECRETARÍA GENERAL,21020000,SECRETARÍA GENERAL,7,TRANSFERENCIAS DE CAPITAL,73,"DE LA A.E., OO.AA., EE.PP. Y OTROS EE.PP. ESTATALE",732,De diversos Ministerios,73200,De diversos Ministerios,I/73200,0000000423,Prevención de incendios. FEADER,2972640
21,AGRICULTURA,2102,SECRETARÍA GENERAL,21020000,SECRETARÍA GENERAL,7,TRANSFERENCIAS DE CAPITAL,73,"DE LA A.E., OO.AA., EE.PP. Y OTROS EE.PP. ESTATALE",732,De diversos Ministerios,73200,De diversos Ministerios,I/73200,0000000702,Acuicultura. Fondo Europeo de Pesca OTUE,54980
21,AGRICULTURA,2102,SECRETARÍA GENERAL,21020000,SECRETARÍA GENERAL,7,TRANSFERENCIAS DE CAPITAL,73,"DE LA A.E., OO.AA., EE.PP. Y OTROS EE.PP. ESTATALE",732,De diversos Ministerios,73200,De diversos Ministerios,I/73200,0000000710,Desarrollo rural LEADER y P.O. FEADER,4500000
21,AGRICULTURA,2102,SECRETARÍA GENERAL,21020000,SECRETARÍA GENERAL,7,TRANSFERENCIAS DE CAPITAL,73,"DE LA A.E., OO.AA., EE.PP. Y OTROS EE.PP. ESTATALE",732,De diversos Ministerios,73200,De diversos Ministerios,I/73200,0000000840,Fomento razas autóctonas equinos AGE,2000
21,AGRICULTURA,2102,SECRETARÍA GENERAL,21020000,SECRETARÍA GENERAL,7,TRANSFERENCIAS DE CAPITAL,73,"DE LA A.E., OO.AA., EE.PP. Y OTROS EE.PP. ESTATALE",732,De diversos Ministerios,73200,De diversos Ministerios,I/73200,0000001450,Recursos hídricos. FEADER,280000
21,AGRICULTURA,2102,SECRETARÍA GENERAL,21020000,SECRETARÍA GENERAL,7,TRANSFERENCIAS DE CAPITAL,73,"DE LA A.E., OO.AA., EE.PP. Y OTROS EE.PP. ESTATALE",732,De diversos Ministerios,73200,De diversos Ministerios,I/73200,0000001451,Planes de mejora. FEADER,1794690
21,AGRICULTURA,2102,SECRETARÍA GENERAL,21020000,SECRETARÍA GENERAL,7,TRANSFERENCIAS DE CAPITAL,73,"DE LA A.E., OO.AA., EE.PP. Y OTROS EE.PP. ESTATALE",732,De diversos Ministerios,73200,De diversos Ministerios,I/73200,0000001452,Jóvenes agricultores. FEADER,2147450
21,AGRICULTURA,2102,SECRETARÍA GENERAL,21020000,SECRETARÍA GENERAL,7,TRANSFERENCIAS DE CAPITAL,73,"DE LA A.E., OO.AA., EE.PP. Y OTROS EE.PP. ESTATALE",732,De diversos Ministerios,73200,De diversos Ministerios,I/73200,0000001512,Asesoramiento E. agrarias. FEADER,223010
21,AGRICULTURA,2102,SECRETARÍA GENERAL,21020000,SECRETARÍA GENERAL,7,TRANSFERENCIAS DE CAPITAL,73,"DE LA A.E., OO.AA., EE.PP. Y OTROS EE.PP. ESTATALE",732,De diversos Ministerios,73200,De diversos Ministerios,I/73200,0000001523,"Regadíos, otras infraestructuras. FEADER",59030
21,AGRICULTURA,2102,SECRETARÍA GENERAL,21020000,SECRETARÍA GENERAL,7,TRANSFERENCIAS DE CAPITAL,73,"DE LA A.E., OO.AA., EE.PP. Y OTROS EE.PP. ESTATALE",732,De diversos Ministerios,73200,De diversos Ministerios,I/73200,0000001524,Traslado explotaciones ganaderas. FEADER,93310
21,AGRICULTURA,2102,SECRETARÍA GENERAL,21020000,SECRETARÍA GENERAL,7,TRANSFERENCIAS DE CAPITAL,73,"DE LA A.E., OO.AA., EE.PP. Y OTROS EE.PP. ESTATALE",732,De diversos Ministerios,73200,De diversos Ministerios,I/73200,0000001533,Sostenibilidad. FEADER,58500
21,AGRICULTURA,2102,SECRETARÍA GENERAL,21020000,SECRETARÍA GENERAL,7,TRANSFERENCIAS DE CAPITAL,73,"DE LA A.E., OO.AA., EE.PP. Y OTROS EE.PP. ESTATALE",732,De diversos Ministerios,73200,De diversos Ministerios,I/73200,0000001534,"Cooperación agroalimentaria. PDR, FEADER",42580
21,AGRICULTURA,2102,SECRETARÍA GENERAL,21020000,SECRETARÍA GENERAL,7,TRANSFERENCIAS DE CAPITAL,73,"DE LA A.E., OO.AA., EE.PP. Y OTROS EE.PP. ESTATALE",732,De diversos Ministerios,73200,De diversos Ministerios,I/73200,0000001540,"""Nuevos Retos"". E. Agrarias. FEADER",57000
21,AGRICULTURA,2102,SECRETARÍA GENERAL,21020000,SECRETARÍA GENERAL,7,TRANSFERENCIAS DE CAPITAL,73,"DE LA A.E., OO.AA., EE.PP. Y OTROS EE.PP. ESTATALE",732,De diversos Ministerios,73200,De diversos Ministerios,I/73200,0000001541,"""Nuevos Retos"". R. hídricos. FEADER",120000
21,AGRICULTURA,2102,SECRETARÍA GENERAL,21020000,SECRETARÍA GENERAL,7,TRANSFERENCIAS DE CAPITAL,73,"DE LA A.E., OO.AA., EE.PP. Y OTROS EE.PP. ESTATALE",732,De diversos Ministerios,73200,De diversos Ministerios,I/73200,0000001548,Infrestructuras ahorro agua. FEADER,21140
21,AGRICULTURA,2102,SECRETARÍA GENERAL,21020000,SECRETARÍA GENERAL,7,TRANSFERENCIAS DE CAPITAL,73,"DE LA A.E., OO.AA., EE.PP. Y OTROS EE.PP. ESTATALE",732,De diversos Ministerios,73212,Fomento del asociacionismo agrario,I/73212,0000000350,Promoción de nuevas tecnologías,50000
21,AGRICULTURA,2102,SECRETARÍA GENERAL,21020000,SECRETARÍA GENERAL,7,TRANSFERENCIAS DE CAPITAL,73,"DE LA A.E., OO.AA., EE.PP. Y OTROS EE.PP. ESTATALE",732,De diversos Ministerios,73234,Industrias y mercados pesqueros,I/73234,0000000701,Fondo europeo de pesca. FEP OTUE,1273000
21,AGRICULTURA,2102,SECRETARÍA GENERAL,21020000,SECRETARÍA GENERAL,7,TRANSFERENCIAS DE CAPITAL,73,"DE LA A.E., OO.AA., EE.PP. Y OTROS EE.PP. ESTATALE",734,De organismos autónomos estatales,73400,De organismos autónomos estatales,I/73400,0000000742,INIA. D. Rural. OO.AA.EE,671000
21,AGRICULTURA,2102,SECRETARÍA GENERAL,21020000,SECRETARÍA GENERAL,7,TRANSFERENCIAS DE CAPITAL,76,DE CORPORACIONES LOCALES,760,De ayuntamientos,76001,Fondo de mejora de montes,I/76001,0000000450,Fondos montes utilidad pública CC.LL.,500000
21,AGRICULTURA,2102,SECRETARÍA GENERAL,21020000,SECRETARÍA GENERAL,7,TRANSFERENCIAS DE CAPITAL,78,DE FAMILIAS E INSITUCIONES SIN FIN DE LUCRO,780,De familias e instituciones sin fin de lucro,78000,De familias e instituciones sin fin de lucro,I/78000,0000000165,Espacios naturales. (LA CAIXA),500000
21,AGRICULTURA,2102,SECRETARÍA GENERAL,21020000,SECRETARÍA GENERAL,7,TRANSFERENCIAS DE CAPITAL,79,DEL EXTERIOR,792,Fondo europeo agrario de desarrollo rural. FEADER,79200,Fondo europeo Agrario de Desarrollo Rural. FEADER.,I/79200,0000000199,Planes de zonas Natura. FEADER,945940
21,AGRICULTURA,2102,SECRETARÍA GENERAL,21020000,SECRETARÍA GENERAL,7,TRANSFERENCIAS DE CAPITAL,79,DEL EXTERIOR,792,Fondo europeo agrario de desarrollo rural. FEADER,79200,Fondo europeo Agrario de Desarrollo Rural. FEADER.,I/79200,0000000254,Concentr. parcelaria privada. FEADER,371910
21,AGRICULTURA,2102,SECRETARÍA GENERAL,21020000,SECRETARÍA GENERAL,7,TRANSFERENCIAS DE CAPITAL,79,DEL EXTERIOR,792,Fondo europeo agrario de desarrollo rural. FEADER,79200,Fondo europeo Agrario de Desarrollo Rural. FEADER.,I/79200,0000000263,Fomento turismo cinegético. FEADER,375000
21,AGRICULTURA,2102,SECRETARÍA GENERAL,21020000,SECRETARÍA GENERAL,7,TRANSFERENCIAS DE CAPITAL,79,DEL EXTERIOR,792,Fondo europeo agrario de desarrollo rural. FEADER,79200,Fondo europeo Agrario de Desarrollo Rural. FEADER.,I/79200,0000000391,Aumento VA produc agrario-Indust. FEADER,49198760
21,AGRICULTURA,2102,SECRETARÍA GENERAL,21020000,SECRETARÍA GENERAL,7,TRANSFERENCIAS DE CAPITAL,79,DEL EXTERIOR,792,Fondo europeo agrario de desarrollo rural. FEADER,79200,Fondo europeo Agrario de Desarrollo Rural. FEADER.,I/79200,0000000401,Mejora forestal. FEADER,1900000
21,AGRICULTURA,2102,SECRETARÍA GENERAL,21020000,SECRETARÍA GENERAL,7,TRANSFERENCIAS DE CAPITAL,79,DEL EXTERIOR,792,Fondo europeo agrario de desarrollo rural. FEADER,79200,Fondo europeo Agrario de Desarrollo Rural. FEADER.,I/79200,0000000403,Red Natura Forestal. FEADER,560000
21,AGRICULTURA,2102,SECRETARÍA GENERAL,21020000,SECRETARÍA GENERAL,7,TRANSFERENCIAS DE CAPITAL,79,DEL EXTERIOR,792,Fondo europeo agrario de desarrollo rural. FEADER,79200,Fondo europeo Agrario de Desarrollo Rural. FEADER.,I/79200,0000000420,Reforestación tierras agrarias. FEADER,10800000
21,AGRICULTURA,2102,SECRETARÍA GENERAL,21020000,SECRETARÍA GENERAL,7,TRANSFERENCIAS DE CAPITAL,79,DEL EXTERIOR,792,Fondo europeo agrario de desarrollo rural. FEADER,79200,Fondo europeo Agrario de Desarrollo Rural. FEADER.,I/79200,0000000423,Prevención de incendios. FEADER,19817560
21,AGRICULTURA,2102,SECRETARÍA GENERAL,21020000,SECRETARÍA GENERAL,7,TRANSFERENCIAS DE CAPITAL,79,DEL EXTERIOR,792,Fondo europeo agrario de desarrollo rural. FEADER,79200,Fondo europeo Agrario de Desarrollo Rural. FEADER.,I/79200,0000000710,Desarrollo rural LEADER y P.O. FEADER,36000000
21,AGRICULTURA,2102,SECRETARÍA GENERAL,21020000,SECRETARÍA GENERAL,7,TRANSFERENCIAS DE CAPITAL,79,DEL EXTERIOR,792,Fondo europeo agrario de desarrollo rural. FEADER,79200,Fondo europeo Agrario de Desarrollo Rural. FEADER.,I/79200,0000001450,Recursos hídricos. FEADER,1500000
21,AGRICULTURA,2102,SECRETARÍA GENERAL,21020000,SECRETARÍA GENERAL,7,TRANSFERENCIAS DE CAPITAL,79,DEL EXTERIOR,792,Fondo europeo agrario de desarrollo rural. FEADER,79200,Fondo europeo Agrario de Desarrollo Rural. FEADER.,I/79200,0000001451,Planes de mejora. FEADER,9614340
21,AGRICULTURA,2102,SECRETARÍA GENERAL,21020000,SECRETARÍA GENERAL,7,TRANSFERENCIAS DE CAPITAL,79,DEL EXTERIOR,792,Fondo europeo agrario de desarrollo rural. FEADER,79200,Fondo europeo Agrario de Desarrollo Rural. FEADER.,I/79200,0000001452,Jóvenes agricultores. FEADER,10066190
21,AGRICULTURA,2102,SECRETARÍA GENERAL,21020000,SECRETARÍA GENERAL,7,TRANSFERENCIAS DE CAPITAL,79,DEL EXTERIOR,792,Fondo europeo agrario de desarrollo rural. FEADER,79200,Fondo europeo Agrario de Desarrollo Rural. FEADER.,I/79200,0000001512,Asesoramiento E. agrarias. FEADER,233890
21,AGRICULTURA,2102,SECRETARÍA GENERAL,21020000,SECRETARÍA GENERAL,7,TRANSFERENCIAS DE CAPITAL,79,DEL EXTERIOR,792,Fondo europeo agrario de desarrollo rural. FEADER,79200,Fondo europeo Agrario de Desarrollo Rural. FEADER.,I/79200,0000001523,"Regadíos, otras infraestructuras. FEADER",3240740
21,AGRICULTURA,2102,SECRETARÍA GENERAL,21020000,SECRETARÍA GENERAL,7,TRANSFERENCIAS DE CAPITAL,79,DEL EXTERIOR,792,Fondo europeo agrario de desarrollo rural. FEADER,79200,Fondo europeo Agrario de Desarrollo Rural. FEADER.,I/79200,0000001524,Traslado explotaciones ganaderas. FEADER,499830
21,AGRICULTURA,2102,SECRETARÍA GENERAL,21020000,SECRETARÍA GENERAL,7,TRANSFERENCIAS DE CAPITAL,79,DEL EXTERIOR,792,Fondo europeo agrario de desarrollo rural. FEADER,79200,Fondo europeo Agrario de Desarrollo Rural. FEADER.,I/79200,0000001533,Sostenibilidad. FEADER,337500
21,AGRICULTURA,2102,SECRETARÍA GENERAL,21020000,SECRETARÍA GENERAL,7,TRANSFERENCIAS DE CAPITAL,79,DEL EXTERIOR,792,Fondo europeo agrario de desarrollo rural. FEADER,79200,Fondo europeo Agrario de Desarrollo Rural. FEADER.,I/79200,0000001534,"Cooperación agroalimentaria. PDR, FEADER",319340
21,AGRICULTURA,2102,SECRETARÍA GENERAL,21020000,SECRETARÍA GENERAL,7,TRANSFERENCIAS DE CAPITAL,79,DEL EXTERIOR,792,Fondo europeo agrario de desarrollo rural. FEADER,79200,Fondo europeo Agrario de Desarrollo Rural. FEADER.,I/79200,0000001540,"""Nuevos Retos"". E. Agrarias. FEADER",855000
21,AGRICULTURA,2102,SECRETARÍA GENERAL,21020000,SECRETARÍA GENERAL,7,TRANSFERENCIAS DE CAPITAL,79,DEL EXTERIOR,792,Fondo europeo agrario de desarrollo rural. FEADER,79200,Fondo europeo Agrario de Desarrollo Rural. FEADER.,I/79200,0000001541,"""Nuevos Retos"". R. hídricos. FEADER",1800000
21,AGRICULTURA,2102,SECRETARÍA GENERAL,21020000,SECRETARÍA GENERAL,7,TRANSFERENCIAS DE CAPITAL,79,DEL EXTERIOR,792,Fondo europeo agrario de desarrollo rural. FEADER,79200,Fondo europeo Agrario de Desarrollo Rural. FEADER.,I/79200,0000001548,Infrestructuras ahorro agua. FEADER,132140
21,AGRICULTURA,2102,SECRETARÍA GENERAL,21020000,SECRETARÍA GENERAL,7,TRANSFERENCIAS DE CAPITAL,79,DEL EXTERIOR,792,Fondo europeo agrario de desarrollo rural. FEADER,79200,Fondo europeo Agrario de Desarrollo Rural. FEADER.,I/79200,0000001549,Medidas prevención de incendios. FEADER,1750000
21,AGRICULTURA,2102,SECRETARÍA GENERAL,21020000,SECRETARÍA GENERAL,7,TRANSFERENCIAS DE CAPITAL,79,DEL EXTERIOR,792,Fondo europeo agrario de desarrollo rural. FEADER,79205,Proyecto LIFE,I/79205,0000000091,LIFE - Priorimancha. OTUE. FEADER,250000
21,AGRICULTURA,2102,SECRETARÍA GENERAL,21020000,SECRETARÍA GENERAL,7,TRANSFERENCIAS DE CAPITAL,79,DEL EXTERIOR,792,Fondo europeo agrario de desarrollo rural. FEADER,79205,Proyecto LIFE,I/79205,0000001900,LIFE-Humedales,490650
21,AGRICULTURA,2102,SECRETARÍA GENERAL,21020000,SECRETARÍA GENERAL,7,TRANSFERENCIAS DE CAPITAL,79,DEL EXTERIOR,792,Fondo europeo agrario de desarrollo rural. FEADER,79205,Proyecto LIFE,I/79205,0000001901,LIFE-Iberlince. OTUE,47300
21,AGRICULTURA,2102,SECRETARÍA GENERAL,21020000,SECRETARÍA GENERAL,7,TRANSFERENCIAS DE CAPITAL,79,DEL EXTERIOR,793,Fondo europeo agrario de garantía. FEAGA,79300,Fondo europeo agrario de garantía,I/79300,0000000192,Plan Nacional Apícola. FEAGA,73900
21,AGRICULTURA,2102,SECRETARÍA GENERAL,21020000,SECRETARÍA GENERAL,7,TRANSFERENCIAS DE CAPITAL,79,DEL EXTERIOR,793,Fondo europeo agrario de garantía. FEAGA,79300,Fondo europeo agrario de garantía,I/79300,0000000325,Invers. diversific. maquinaria. FEAGA,1000
21,AGRICULTURA,2102,SECRETARÍA GENERAL,21020000,SECRETARÍA GENERAL,7,TRANSFERENCIAS DE CAPITAL,79,DEL EXTERIOR,793,Fondo europeo agrario de garantía. FEAGA,79300,Fondo europeo agrario de garantía,I/79300,0000000490,Reconversión de viñedos. FEAGA,65000000
21,AGRICULTURA,2102,SECRETARÍA GENERAL,21020000,SECRETARÍA GENERAL,7,TRANSFERENCIAS DE CAPITAL,79,DEL EXTERIOR,799,Otras transferencias,79900,Otras transferencias,I/79900,0000000702,Acuicultura. Fondo Europeo de Pesca OTUE,164900
21,AGRICULTURA,2102,SECRETARÍA GENERAL,21020000,SECRETARÍA GENERAL,8,ACTIVOS FINANCIEROS,82,REINTEGRO DE PRÉSTAMOS CONCEDIDOS,820,A corto plazo,82000,A personal funcionario y no laboral,I/82000,,,12000
21,AGRICULTURA,2102,SECRETARÍA GENERAL,21020000,SECRETARÍA GENERAL,8,ACTIVOS FINANCIEROS,82,REINTEGRO DE PRÉSTAMOS CONCEDIDOS,820,A corto plazo,82001,A personal laboral,I/82001,,,3500
21,AGRICULTURA,2102,SECRETARÍA GENERAL,21020000,SECRETARÍA GENERAL,8,ACTIVOS FINANCIEROS,82,REINTEGRO DE PRÉSTAMOS CONCEDIDOS,820,A corto plazo,82003,A concesionarios,I/82003,,,25000
21,AGRICULTURA,2102,SECRETARÍA GENERAL,21020000,SECRETARÍA GENERAL,8,ACTIVOS FINANCIEROS,82,REINTEGRO DE PRÉSTAMOS CONCEDIDOS,821,A largo plazo,82100,A personal funcionario y no laboral,I/82100,,,81500
21,AGRICULTURA,2102,SECRETARÍA GENERAL,21020000,SECRETARÍA GENERAL,8,ACTIVOS FINANCIEROS,82,REINTEGRO DE PRÉSTAMOS CONCEDIDOS,821,A largo plazo,82101,A personal laboral,I/82101,,,50600
21,AGRICULTURA,2102,SECRETARÍA GENERAL,21020000,SECRETARÍA GENERAL,8,ACTIVOS FINANCIEROS,82,REINTEGRO DE PRÉSTAMOS CONCEDIDOS,821,A largo plazo,82103,A concesionarios,I/82103,,,15000
27,SANIDAD Y ASUNTOS SOCIALES,2702,SECRETARÍA GENERAL,27020000,SECRETARÍA GENERAL,3,"TASAS, PRECIOS PÚBLICOS Y OTROS INGRESOS",30,VENTA DE BIENES,309,Venta de otros bienes,30900,Venta de otros bienes,I/30900,,,54000
27,SANIDAD Y ASUNTOS SOCIALES,2702,SECRETARÍA GENERAL,27020000,SECRETARÍA GENERAL,3,"TASAS, PRECIOS PÚBLICOS Y OTROS INGRESOS",31,PRESTACIÓN DE SERVICIOS Y PRECIOS PÚBLICOS,312,"Derechos de alojamiento, restauración y residencia",31200,"Derechos de alojamiento, restauración y residencia",I/31200,,,51950000
27,SANIDAD Y ASUNTOS SOCIALES,2702,SECRETARÍA GENERAL,27020000,SECRETARÍA GENERAL,3,"TASAS, PRECIOS PÚBLICOS Y OTROS INGRESOS",31,PRESTACIÓN DE SERVICIOS Y PRECIOS PÚBLICOS,318,Otros precios públicos,31800,Otros precios públicos,I/31800,,,7000
27,SANIDAD Y ASUNTOS SOCIALES,2702,SECRETARÍA GENERAL,27020000,SECRETARÍA GENERAL,3,"TASAS, PRECIOS PÚBLICOS Y OTROS INGRESOS",31,PRESTACIÓN DE SERVICIOS Y PRECIOS PÚBLICOS,319,Otros ingresos por prestación de servicios,31900,Otros ingresos por prestación de servicios,I/31900,,,3000
27,SANIDAD Y ASUNTOS SOCIALES,2702,SECRETARÍA GENERAL,27020000,SECRETARÍA GENERAL,3,"TASAS, PRECIOS PÚBLICOS Y OTROS INGRESOS",32,TASAS,322,Tasas por dirección e inspección de obras,32200,Tasas por dirección e inspección de obras,I/32200,,,5000
27,SANIDAD Y ASUNTOS SOCIALES,2702,SECRETARÍA GENERAL,27020000,SECRETARÍA GENERAL,3,"TASAS, PRECIOS PÚBLICOS Y OTROS INGRESOS",32,TASAS,326,Tasas en materia de sanidad,32600,Tasas en materia de sanidad,I/32600,,,6965000
27,SANIDAD Y ASUNTOS SOCIALES,2702,SECRETARÍA GENERAL,27020000,SECRETARÍA GENERAL,3,"TASAS, PRECIOS PÚBLICOS Y OTROS INGRESOS",32,TASAS,329,Otras tasas,32900,Otras tasas,I/32900,,,200000
27,SANIDAD Y ASUNTOS SOCIALES,2702,SECRETARÍA GENERAL,27020000,SECRETARÍA GENERAL,3,"TASAS, PRECIOS PÚBLICOS Y OTROS INGRESOS",38,REINTEGROS DE OPERACIONES CORRIENTES,380,De ejercicios cerrados,38000,De ejercicios cerrados,I/38000,,,4900000
27,SANIDAD Y ASUNTOS SOCIALES,2702,SECRETARÍA GENERAL,27020000,SECRETARÍA GENERAL,3,"TASAS, PRECIOS PÚBLICOS Y OTROS INGRESOS",38,REINTEGROS DE OPERACIONES CORRIENTES,381,De presupuesto corriente,38100,De presupuesto corriente,I/38100,,,1200000
27,SANIDAD Y ASUNTOS SOCIALES,2702,SECRETARÍA GENERAL,27020000,SECRETARÍA GENERAL,3,"TASAS, PRECIOS PÚBLICOS Y OTROS INGRESOS",39,OTROS INGRESOS,390,Recargos y multas,39000,Recargo de apremio,I/39000,,,60000
27,SANIDAD Y ASUNTOS SOCIALES,2702,SECRETARÍA GENERAL,27020000,SECRETARÍA GENERAL,3,"TASAS, PRECIOS PÚBLICOS Y OTROS INGRESOS",39,OTROS INGRESOS,390,Recargos y multas,39001,Intereses de demora,I/39001,,,20000
27,SANIDAD Y ASUNTOS SOCIALES,2702,SECRETARÍA GENERAL,27020000,SECRETARÍA GENERAL,3,"TASAS, PRECIOS PÚBLICOS Y OTROS INGRESOS",39,OTROS INGRESOS,390,Recargos y multas,39002,Multas y sanciones,I/39002,,,2880000
27,SANIDAD Y ASUNTOS SOCIALES,2702,SECRETARÍA GENERAL,27020000,SECRETARÍA GENERAL,3,"TASAS, PRECIOS PÚBLICOS Y OTROS INGRESOS",39,OTROS INGRESOS,390,Recargos y multas,39009,Otros,I/39009,,,30000
27,SANIDAD Y ASUNTOS SOCIALES,2702,SECRETARÍA GENERAL,27020000,SECRETARÍA GENERAL,3,"TASAS, PRECIOS PÚBLICOS Y OTROS INGRESOS",39,OTROS INGRESOS,399,Ingresos diversos,39900,Ingresos diversos,I/39900,,,100000
27,SANIDAD Y ASUNTOS SOCIALES,2702,SECRETARÍA GENERAL,27020000,SECRETARÍA GENERAL,4,TRANSFERENCIAS CORRIENTES,43,"DE LA A.E. OO.AA., EE.PP. Y OTROS ENTES PÚBLICOS",432,De diversos Ministerios,43200,De diversos Ministerios,I/43200,0000000600,Pensiones asistenciales,800000
27,SANIDAD Y ASUNTOS SOCIALES,2702,SECRETARÍA GENERAL,27020000,SECRETARÍA GENERAL,4,TRANSFERENCIAS CORRIENTES,43,"DE LA A.E. OO.AA., EE.PP. Y OTROS ENTES PÚBLICOS",432,De diversos Ministerios,43200,De diversos Ministerios,I/43200,0000000610,Plan concertado,1443930
27,SANIDAD Y ASUNTOS SOCIALES,2702,SECRETARÍA GENERAL,27020000,SECRETARÍA GENERAL,4,TRANSFERENCIAS CORRIENTES,43,"DE LA A.E. OO.AA., EE.PP. Y OTROS ENTES PÚBLICOS",432,De diversos Ministerios,43240,Plan nacional de drogas,I/43240,0000000520,Plan Regional de Drogas. AGE,607500
27,SANIDAD Y ASUNTOS SOCIALES,2702,SECRETARÍA GENERAL,27020000,SECRETARÍA GENERAL,4,TRANSFERENCIAS CORRIENTES,43,"DE LA A.E. OO.AA., EE.PP. Y OTROS ENTES PÚBLICOS",434,De organismos autónomos estatales,43400,De organismos autónomos estatales,I/43400,0000000530,Programa de farmacovigilancia. OO.AA.EE,25260
27,SANIDAD Y ASUNTOS SOCIALES,2702,SECRETARÍA GENERAL,27020000,SECRETARÍA GENERAL,4,TRANSFERENCIAS CORRIENTES,43,"DE LA A.E. OO.AA., EE.PP. Y OTROS ENTES PÚBLICOS",434,De organismos autónomos estatales,43400,De organismos autónomos estatales,I/43400,0000000562,Plan acción personas en dependencia,57658260
27,SANIDAD Y ASUNTOS SOCIALES,2702,SECRETARÍA GENERAL,27020000,SECRETARÍA GENERAL,4,TRANSFERENCIAS CORRIENTES,44,DE LA SEGURIDAD SOCIAL,440,De la Seguridad Social,44000,De la Seguridad Social,I/44000,,,470500
27,SANIDAD Y ASUNTOS SOCIALES,2702,SECRETARÍA GENERAL,27020000,SECRETARÍA GENERAL,5,INGRESOS PATRIMONIALES,52,INTERESES DE DEPÓSITOS,520,Intereses de cuentas bancarias,52000,Intereses de cuentas bancarias,I/52000,,,8000
27,SANIDAD Y ASUNTOS SOCIALES,2702,SECRETARÍA GENERAL,27020000,SECRETARÍA GENERAL,5,INGRESOS PATRIMONIALES,55,"PRODUCTOS, CONCESIONES Y APROVECHAMIENTOS ESPECIAL",550,De concesiones administrativas,55000,De concesiones administrativas,I/55000,,,10000
27,SANIDAD Y ASUNTOS SOCIALES,2702,SECRETARÍA GENERAL,27020000,SECRETARÍA GENERAL,5,INGRESOS PATRIMONIALES,59,OTROS INGRESOS PATRIMONIALES,590,Otros ingresos patrimoniales,59000,Otros ingresos patrimoniales,I/59000,,,125300
27,SANIDAD Y ASUNTOS SOCIALES,2702,SECRETARÍA GENERAL,27020000,SECRETARÍA GENERAL,6,ENAJENACIÓN DE INVERSIONES REALES,68,REINTEGROS POR OPERACIONES DE CAPITAL,680,De ejercicios cerrados,68000,De transferencias de capital,I/68000,,,100000
27,SANIDAD Y ASUNTOS SOCIALES,2702,SECRETARÍA GENERAL,27020000,SECRETARÍA GENERAL,8,ACTIVOS FINANCIEROS,82,REINTEGRO DE PRÉSTAMOS CONCEDIDOS,820,A corto plazo,82000,A personal funcionario y no laboral,I/82000,,,68000
27,SANIDAD Y ASUNTOS SOCIALES,2702,SECRETARÍA GENERAL,27020000,SECRETARÍA GENERAL,8,ACTIVOS FINANCIEROS,82,REINTEGRO DE PRÉSTAMOS CONCEDIDOS,820,A corto plazo,82001,A personal laboral,I/82001,,,140000
27,SANIDAD Y ASUNTOS SOCIALES,2702,SECRETARÍA GENERAL,27020000,SECRETARÍA GENERAL,8,ACTIVOS FINANCIEROS,82,REINTEGRO DE PRÉSTAMOS CONCEDIDOS,821,A largo plazo,82100,A personal funcionario y no laboral,I/82100,,,367000
27,SANIDAD Y ASUNTOS SOCIALES,2702,SECRETARÍA GENERAL,27020000,SECRETARÍA GENERAL,8,ACTIVOS FINANCIEROS,82,REINTEGRO DE PRÉSTAMOS CONCEDIDOS,821,A largo plazo,82101,A personal laboral,I/82101,,,462000
56,AGENCIA DEL AGUA DE CASTILLA-LA MANCHA,5601,AGENCIA DEL AGUA DE CASTILLA-LA MANCHA,56010000,AGENCIA DEL AGUA DE CASTILLA-LA MANCHA,3,"TASAS, PRECIOS PÚBLICOS Y OTROS INGRESOS",32,TASAS,322,Tasas por dirección e inspección de obras,32200,Tasas por dirección e inspección de obras,I/32200,,,19390
56,AGENCIA DEL AGUA DE CASTILLA-LA MANCHA,5601,AGENCIA DEL AGUA DE CASTILLA-LA MANCHA,56010000,AGENCIA DEL AGUA DE CASTILLA-LA MANCHA,7,TRANSFERENCIAS DE CAPITAL,73,"DE LA A.E., OO.AA., EE.PP. Y OTROS EE.PP. ESTATALE",733,Otras transferencias,73301,Tarifa trasvase,I/73301,,,4101390
56,AGENCIA DEL AGUA DE CASTILLA-LA MANCHA,5601,AGENCIA DEL AGUA DE CASTILLA-LA MANCHA,56010000,AGENCIA DEL AGUA DE CASTILLA-LA MANCHA,8,ACTIVOS FINANCIEROS,82,REINTEGRO DE PRÉSTAMOS CONCEDIDOS,820,A corto plazo,82000,A personal funcionario y no laboral,I/82000,,,1500
56,AGENCIA DEL AGUA DE CASTILLA-LA MANCHA,5601,AGENCIA DEL AGUA DE CASTILLA-LA MANCHA,56010000,AGENCIA DEL AGUA DE CASTILLA-LA MANCHA,8,ACTIVOS FINANCIEROS,82,REINTEGRO DE PRÉSTAMOS CONCEDIDOS,821,A largo plazo,82100,A personal funcionario y no laboral,I/82100,,,8500
70,INSTITUTO DE LA MUJER,7001,INSTITUTO DE LA MUJER,70010000,INSTITUTO DE LA MUJER,3,"TASAS, PRECIOS PÚBLICOS Y OTROS INGRESOS",32,TASAS,329,Otras tasas,32900,Otras tasas,I/32900,,,600
70,INSTITUTO DE LA MUJER,7001,INSTITUTO DE LA MUJER,70010000,INSTITUTO DE LA MUJER,3,"TASAS, PRECIOS PÚBLICOS Y OTROS INGRESOS",38,REINTEGROS DE OPERACIONES CORRIENTES,380,De ejercicios cerrados,38000,De ejercicios cerrados,I/38000,,,200000
70,INSTITUTO DE LA MUJER,7001,INSTITUTO DE LA MUJER,70010000,INSTITUTO DE LA MUJER,3,"TASAS, PRECIOS PÚBLICOS Y OTROS INGRESOS",39,OTROS INGRESOS,390,Recargos y multas,39000,Recargo de apremio,I/39000,,,1800
70,INSTITUTO DE LA MUJER,7001,INSTITUTO DE LA MUJER,70010000,INSTITUTO DE LA MUJER,3,"TASAS, PRECIOS PÚBLICOS Y OTROS INGRESOS",39,OTROS INGRESOS,390,Recargos y multas,39001,Intereses de demora,I/39001,,,1200
70,INSTITUTO DE LA MUJER,7001,INSTITUTO DE LA MUJER,70010000,INSTITUTO DE LA MUJER,4,TRANSFERENCIAS CORRIENTES,43,"DE LA A.E. OO.AA., EE.PP. Y OTROS ENTES PÚBLICOS",432,De diversos Ministerios,43200,De diversos Ministerios,I/43200,0000000009,Atención mujer victimas violencia genero,268900
70,INSTITUTO DE LA MUJER,7001,INSTITUTO DE LA MUJER,70010000,INSTITUTO DE LA MUJER,4,TRANSFERENCIAS CORRIENTES,46,DE CORPORACIONES LOCALES,461,De diputaciones,46100,De diputaciones,I/46100,,,9000
70,INSTITUTO DE LA MUJER,7001,INSTITUTO DE LA MUJER,70010000,INSTITUTO DE LA MUJER,5,INGRESOS PATRIMONIALES,52,INTERESES DE DEPÓSITOS,520,Intereses de cuentas bancarias,52000,Intereses de cuentas bancarias,I/52000,,,6000
70,INSTITUTO DE LA MUJER,7001,INSTITUTO DE LA MUJER,70010000,INSTITUTO DE LA MUJER,8,ACTIVOS FINANCIEROS,82,REINTEGRO DE PRÉSTAMOS CONCEDIDOS,821,A largo plazo,82100,A personal funcionario y no laboral,I/82100,,,8200
61,SERVICIO DE SALUD DE CASTILLA-LA MANCHA,6102,SECRETARIA GENERAL,61020000,SECRETARIA GENERAL,3,"TASAS, PRECIOS PÚBLICOS Y OTROS INGRESOS",30,VENTA DE BIENES,309,Venta de otros bienes,30900,Venta de otros bienes,I/30900,,,279570
61,SERVICIO DE SALUD DE CASTILLA-LA MANCHA,6102,SECRETARIA GENERAL,61020000,SECRETARIA GENERAL,3,"TASAS, PRECIOS PÚBLICOS Y OTROS INGRESOS",31,PRESTACIÓN DE SERVICIOS Y PRECIOS PÚBLICOS,315,De asistencia sanitaria,31500,Al Sector Público,I/31500,,,334430
61,SERVICIO DE SALUD DE CASTILLA-LA MANCHA,6102,SECRETARIA GENERAL,61020000,SECRETARIA GENERAL,3,"TASAS, PRECIOS PÚBLICOS Y OTROS INGRESOS",31,PRESTACIÓN DE SERVICIOS Y PRECIOS PÚBLICOS,315,De asistencia sanitaria,31501,Al Sector Privado,I/31501,,,20004670
61,SERVICIO DE SALUD DE CASTILLA-LA MANCHA,6102,SECRETARIA GENERAL,61020000,SECRETARIA GENERAL,3,"TASAS, PRECIOS PÚBLICOS Y OTROS INGRESOS",31,PRESTACIÓN DE SERVICIOS Y PRECIOS PÚBLICOS,315,De asistencia sanitaria,31503,A Entidades del sistema,I/31503,,,9338360
61,SERVICIO DE SALUD DE CASTILLA-LA MANCHA,6102,SECRETARIA GENERAL,61020000,SECRETARIA GENERAL,3,"TASAS, PRECIOS PÚBLICOS Y OTROS INGRESOS",32,TASAS,322,Tasas por dirección e inspección de obras,32200,Tasas por dirección e inspección de obras,I/32200,,,45720
61,SERVICIO DE SALUD DE CASTILLA-LA MANCHA,6102,SECRETARIA GENERAL,61020000,SECRETARIA GENERAL,3,"TASAS, PRECIOS PÚBLICOS Y OTROS INGRESOS",38,REINTEGROS DE OPERACIONES CORRIENTES,380,De ejercicios cerrados,38000,De ejercicios cerrados,I/38000,,,145370
61,SERVICIO DE SALUD DE CASTILLA-LA MANCHA,6102,SECRETARIA GENERAL,61020000,SECRETARIA GENERAL,3,"TASAS, PRECIOS PÚBLICOS Y OTROS INGRESOS",38,REINTEGROS DE OPERACIONES CORRIENTES,381,De presupuesto corriente,38100,De presupuesto corriente,I/38100,,,73530
61,SERVICIO DE SALUD DE CASTILLA-LA MANCHA,6102,SECRETARIA GENERAL,61020000,SECRETARIA GENERAL,3,"TASAS, PRECIOS PÚBLICOS Y OTROS INGRESOS",39,OTROS INGRESOS,399,Ingresos diversos,39900,Ingresos diversos,I/39900,,,85350
61,SERVICIO DE SALUD DE CASTILLA-LA MANCHA,6102,SECRETARIA GENERAL,61020000,SECRETARIA GENERAL,4,TRANSFERENCIAS CORRIENTES,43,"DE LA A.E. OO.AA., EE.PP. Y OTROS ENTES PÚBLICOS",432,De diversos Ministerios,43200,De diversos Ministerios,I/43200,,,40726710
61,SERVICIO DE SALUD DE CASTILLA-LA MANCHA,6102,SECRETARIA GENERAL,61020000,SECRETARIA GENERAL,4,TRANSFERENCIAS CORRIENTES,46,DE CORPORACIONES LOCALES,461,De diputaciones,46100,De diputaciones,I/46100,,,19433930
61,SERVICIO DE SALUD DE CASTILLA-LA MANCHA,6102,SECRETARIA GENERAL,61020000,SECRETARIA GENERAL,5,INGRESOS PATRIMONIALES,55,"PRODUCTOS, CONCESIONES Y APROVECHAMIENTOS ESPECIAL",550,De concesiones administrativas,55000,De concesiones administrativas,I/55000,,,1017400
61,SERVICIO DE SALUD DE CASTILLA-LA MANCHA,6102,SECRETARIA GENERAL,61020000,SECRETARIA GENERAL,5,INGRESOS PATRIMONIALES,55,"PRODUCTOS, CONCESIONES Y APROVECHAMIENTOS ESPECIAL",559,Otras concesiones y aprovechamientos,55900,Otras concesiones y aprovechamientos,I/55900,,,74660
61,SERVICIO DE SALUD DE CASTILLA-LA MANCHA,6102,SECRETARIA GENERAL,61020000,SECRETARIA GENERAL,7,TRANSFERENCIAS DE CAPITAL,73,"DE LA A.E., OO.AA., EE.PP. Y OTROS EE.PP. ESTATALE",730,Fondo de compensación interterritorial,73000,Fondo de compensación interterritorial,I/73000,,,6930340
61,SERVICIO DE SALUD DE CASTILLA-LA MANCHA,6102,SECRETARIA GENERAL,61020000,SECRETARIA GENERAL,8,ACTIVOS FINANCIEROS,82,REINTEGRO DE PRÉSTAMOS CONCEDIDOS,820,A corto plazo,82000,A personal funcionario y no laboral,I/82000,,,11350
61,SERVICIO DE SALUD DE CASTILLA-LA MANCHA,6102,SECRETARIA GENERAL,61020000,SECRETARIA GENERAL,8,ACTIVOS FINANCIEROS,82,REINTEGRO DE PRÉSTAMOS CONCEDIDOS,820,A corto plazo,82001,A personal laboral,I/82001,,,700
61,SERVICIO DE SALUD DE CASTILLA-LA MANCHA,6102,SECRETARIA GENERAL,61020000,SECRETARIA GENERAL,8,ACTIVOS FINANCIEROS,82,REINTEGRO DE PRÉSTAMOS CONCEDIDOS,821,A largo plazo,82100,A personal funcionario y no laboral,I/82100,,,680190
61,SERVICIO DE SALUD DE CASTILLA-LA MANCHA,6102,SECRETARIA GENERAL,61020000,SECRETARIA GENERAL,8,ACTIVOS FINANCIEROS,82,REINTEGRO DE PRÉSTAMOS CONCEDIDOS,821,A largo plazo,82101,A personal laboral,I/82101,,,12000
